Pokemon,Score,Dex,Type 1,Type 2,Attack,Defense,Stamina,Stat Product,Level,CP,Fast Move,Charged Move 1,Charged Move 2,Charged Move 1 Count,Charged Move 2 Count,Buddy Distance,Charged Move Cost,Porperty
Zygarde,98,718,dragon,ground,167.2,186.5,339,10574857,50,4208,Dragon Tail,Crunch,Earthquake,5,8,20,100000,Complete Forme
Palkia,96.8,484,water,dragon,252.9,200,171,8649845,50,4683,Dragon Breath,Aqua Tail,Spacial Rend,12,17,20,100000,Origin
Yveltal,95.6,717,dark,flying,222.7,168.1,219,8195751,50,4275,Sucker Punch,Dark Pulse,Oblivion Wing,8,8,20,100000,--
Necrozma,93.1,800,psychic,steel,245.4,197.5,180,8721516,50,4634,Shadow Claw,Dark Pulse,Sunsteel Strike,7,9,20,100000,Dusk Mane
Landorus,91.6,645,ground,flying,255.5,163,184,7662348,50,4434,Mud Shot,Sandsear Storm,Stone Edge,6,7,20,100000,Therian
Solgaleo,91.4,791,psychic,steel,226.9,173.1,234,9190002,50,4570,Fire Spin,Psychic Fangs,Iron Head,4,5,20,100000,--
Rhyperior,91.3,464,ground,rock,215.1,172.3,223,8263565,50,4221,Mud Slap,Breaking Swipe,Rock Wrecker,4,5,3,50000,--
Ho-Oh,90.7,250,fire,flying,213.4,217.6,192,8918739,50,4367,Incinerate,Brave Bird,Sacred Fire,3,4,20,100000,--
Ho-Oh,90.3,250,fire,flying,213.4,217.6,192,8918739,50,4367,Incinerate,Brave Bird,Sacred Fire,3,4,20,100000,Shadow
Kyurem,90,646,dragon,ice,219.3,155.5,218,7432544,50,4041,Dragon Breath,Glaciate,Dragon Claw,14,12,20,100000,--
Palkia,90,484,water,dragon,247.9,193.3,171,8192467,50,4512,Dragon Breath,Aqua Tail,Draco Meteor,12,22,20,100000,--
Necrozma,89.6,800,psychic,ghost,245.4,197.5,180,8721516,50,4634,Shadow Claw,Dark Pulse,Moongeist Beam,7,9,20,100000,Dawn Wings
Giratina,89.4,487,ghost,dragon,169.7,201.7,251,8592214,50,3820,Shadow Claw,Dragon Claw,Ancient Power,5,6,20,100000,Altered
Gyarados,89.3,130,water,flying,211.8,168.9,194,6938524,50,3834,Dragon Breath,Aqua Tail,Crunch,12,15,1,10000,Shadow
Marshadow,89.3,802,fighting,ghost,235.3,172.3,186,7538650,50,4217,Sucker Punch,Close Combat,Ice Punch,7,6,20,100000,--
Dragonite,89.2,149,dragon,flying,233.6,179,188,7860515,50,4287,Dragon Breath,Dragon Claw,Superpower,12,14,5,75000,--
Zarude,89.1,893,dark,grass,216,193.3,208,8681466,50,4334,Vine Whip,Dark Pulse,Power Whip,7,7,20,100000,--
Dragonite,89,149,dragon,flying,233.6,179,188,7860515,50,4287,Dragon Breath,Dragon Claw,Superpower,12,14,5,75000,Shadow
Florges,89,671,fairy,none,190.7,217.6,168,6974349,50,3657,Fairy Wind,Disarming Voice,Moonblast,5,7,3,50000,--
Giratina,88.9,487,ghost,dragon,201.7,169.7,251,8592214,50,4164,Shadow Claw,Shadow Ball,Ominous Wind,7,6,20,100000,Origin
Xerneas,88.9,716,fairy,none,222.7,168.1,219,8195751,50,4275,Geomancy,Close Combat,Moonblast,4,5,20,100000,--
Mewtwo,88.5,150,psychic,none,264.7,165.5,192,8412920,50,4724,Psycho Cut,Psystrike,Shadow Ball,5,7,20,100000,Shadow
Groudon,88.2,383,ground,none,239.5,204.2,184,8997828,50,4652,Mud Shot,Fire Punch,Precipice Blades,5,8,20,100000,--
Ursaluna,88.1,901,ground,normal,216.8,164.7,245,8748037,50,4358,Tackle,Swift,High Horsepower,12,20,3,50000,--
Moltres,87.9,146,dark,flying,182.3,206.7,186,7010945,50,3580,Sucker Punch,Ancient Power,Payback,7,9,20,100000,Galarian
Rhyperior,87.7,464,ground,rock,215.1,172.3,223,8263565,50,4221,Mud Slap,Rock Wrecker,Breaking Swipe,5,4,3,50000,Shadow
Meloetta,87.6,648,normal,psychic,222.7,201.7,201,9026553,50,4490,Quick Attack,Psyshock,Dazzling Gleam,6,9,20,100000,Aria
Zekrom,87.4,644,dragon,electric,243.7,189.9,184,8515164,50,4565,Dragon Breath,Crunch,Wild Charge,15,15,20,100000,--
Enamorus,87.1,905,fairy,flying,248.7,148.7,163,6030056,50,3873,Fairy Wind,Fly,Dazzling Gleam,5,8,20,100000,Incarnate
Dialga,86.9,483,steel,dragon,239.5,201.7,184,8886744,50,4624,Dragon Breath,Roar of Time,Iron Head,22,17,20,100000,Origin
Mewtwo,86.9,150,psychic,none,264.7,165.5,192,8412920,50,4724,Psycho Cut,Psystrike,Shadow Ball,5,7,20,100000,--
Tapu Lele,86.9,786,psychic,fairy,230.2,187.4,157,6773667,50,3950,Astonish,Moonblast,Nature's Madness,6,5,20,100000,--
Gyarados,86.8,130,water,flying,211.8,168.9,194,6938524,50,3834,Dragon Breath,Aqua Tail,Crunch,12,15,1,10000,--
Reshiram,86.7,643,dragon,fire,243.7,189.9,184,8515164,50,4565,Dragon Breath,Fusion Flare,Draco Meteor,15,22,20,100000,--
Heatran,86,485,fire,steel,223.5,191.6,188,8050875,50,4244,Fire Spin,Magma Storm,Stone Edge,4,6,20,100000,Shadow
Zacian,86,888,fairy,none,226,210.9,173,8247852,50,4329,Quick Attack,Close Combat,Play Rough,6,8,20,100000,Hero
Groudon,85.8,383,ground,none,239.5,204.2,184,8997828,50,4652,Mud Shot,Precipice Blades,Fire Punch,8,5,20,100000,Shadow
Feraligatr,85.7,160,water,none,184.9,170.6,178,5613161,50,3230,Shadow Claw,Hydro Cannon,Ice Beam,5,7,3,10000,--
Ursaluna,85.7,901,ground,normal,216.8,164.7,245,8748037,50,4358,Tackle,Swift,High Horsepower,12,20,3,50000,Shadow
Baxcalibur,84.7,998,dragon,ice,226,153.8,205,7125675,50,4013,Dragon Breath,Avalanche,Dragon Claw,15,12,5,75000,--
Dialga,84.7,483,steel,dragon,243.7,189.9,184,8515164,50,4565,Dragon Breath,Iron Head,Draco Meteor,17,22,20,100000,--
Hydreigon,84.7,635,dark,dragon,227.7,170.6,189,7341687,50,4098,Dragon Breath,Brutal Swing,Flash Cannon,12,24,5,75000,--
Goodra,84.4,706,dragon,none,197.5,216,186,7932000,50,3963,Dragon Breath,Aqua Tail,Draco Meteor,12,22,5,75000,--
Avalugg,84.1,713,ice,rock,192.4,212.6,194,7936454,50,3909,Powder Snow,Rock Slide,Icy Wind,6,6,3,50000,Hisuian
Mamoswine,83.9,473,ice,ground,220.2,135.3,215,6403750,50,3763,Powder Snow,Avalanche,High Horsepower,6,8,3,50000,--
Hippowdon,83.7,450,ground,none,181.5,173.1,213,6692206,50,3488,Sand Attack,Weather Ball (Rock),Earth Power,9,14,3,50000,Shadow
Annihilape,83.6,979,fighting,ghost,197.5,162.2,215,6885451,50,3695,Counter,Rage Fist,Close Combat,6,8,3,50000,Shadow
Mamoswine,83.5,473,ice,ground,220.2,135.3,215,6403750,50,3763,Powder Snow,High Horsepower,Avalanche,8,6,3,50000,Shadow
Annihilape,83.4,979,fighting,ghost,197.5,162.2,215,6885451,50,3695,Counter,Rage Fist,Close Combat,6,8,3,50000,--
Dragapult,83.4,887,dragon,ghost,236.1,155.5,184,6754055,50,3993,Astonish,Breaking Swipe,Shadow Ball,4,6,5,75000,--
Feraligatr,83.4,160,water,none,184.9,170.6,178,5613161,50,3230,Shadow Claw,Hydro Cannon,Ice Beam,5,7,3,10000,Shadow
Garchomp,83.4,445,dragon,ground,231.9,174.8,213,8634174,50,4479,Mud Shot,Outrage,Earth Power,8,7,5,75000,--
Tapu Bulu,83.2,787,grass,fairy,221.8,193.3,157,6731319,50,3865,Bullet Seed,Grass Knot,Nature's Madness,4,4,20,100000,--
Kyogre,82.6,382,water,none,239.5,204.2,184,8997828,50,4652,Waterfall,Surf,Origin Pulse,6,8,20,100000,--
Gholdengo,82.2,1000,steel,ghost,224.4,172.3,182,7034047,50,3976,Astonish,Shadow Ball,Focus Blast,6,8,5,10000,--
Heatran,82,485,fire,steel,223.5,191.6,188,8050875,50,4244,Fire Spin,Magma Storm,Iron Head,4,5,20,100000,--
Metagross,81.8,376,steel,psychic,228.6,204.2,172,8027353,50,4286,Bullet Punch,Meteor Mash,Earthquake,8,10,5,75000,--
Lugia,81.7,249,psychic,flying,174.8,273.1,210,10023854,50,4186,Dragon Tail,Sky Attack,Aeroblast,7,9,20,100000,--
Primarina,81.3,730,water,fairy,207.6,176.5,172,6299607,50,3618,Waterfall,Disarming Voice,Hydro Cannon,6,5,3,10000,--
Genesect,81.1,649,bug,steel,224.4,179.8,158,6374570,50,3791,Fury Cutter,Magnet Bomb,Techno Blast (Chill),12,14,20,100000,Chill
Golisopod,81.1,768,bug,water,195.8,202.5,164,6502578,50,3575,Shadow Claw,X-Scissor,Liquidation,5,6,1,10000,--
Swampert,81,260,water,ground,187.4,159.7,201,6013444,50,3362,Mud Shot,Hydro Cannon,Earthquake,5,9,3,10000,--
Latios,80.8,381,dragon,psychic,237.8,190.7,172,7802064,50,4310,Dragon Breath,Dragon Claw,Luster Purge,12,20,20,100000,Shadow
Kyogre,80.6,382,water,none,239.5,204.2,184,8997828,50,4652,Waterfall,Surf,Origin Pulse,6,8,20,100000,Shadow
Landorus,80.2,645,ground,flying,231.9,165.5,184,7064182,50,4057,Mud Shot,Earth Power,Rock Slide,7,6,20,100000,Incarnate
Swampert,80,260,water,ground,187.4,159.7,201,6013444,50,3362,Mud Shot,Hydro Cannon,Earthquake,5,9,3,10000,Shadow
Virizion,79.7,640,grass,fighting,173.9,205,188,6704815,50,3417,Double Kick,Leaf Blade,Sacred Sword,3,3,20,100000,--
Zygarde,79.7,718,dragon,ground,183.2,207.6,213,8098448,50,3855,Dragon Tail,Crunch,Earthquake,5,8,20,100000,50% Forme
Sneasler,79.5,903,fighting,poison,230.2,145.4,172,5756969,50,3643,Shadow Claw,Close Combat,Aerial Ace,6,5,5,75000,Shadow
Zamazenta,79.5,889,fighting,none,226,210.9,173,8247852,50,4329,Snarl,Close Combat,Crunch,4,4,20,100000,Hero
Pangoro,79.4,675,fighting,dark,202.5,135.3,194,5315124,50,3281,Karate Chop,Close Combat,Night Slash,5,4,3,50000,--
Hippowdon,79.3,450,ground,none,181.5,173.1,213,6692206,50,3488,Sand Attack,Weather Ball (Rock),Earth Power,9,14,3,50000,--
Kommo-o,79.2,784,dragon,fighting,199.2,214.3,164,6998438,50,3741,Dragon Tail,Close Combat,Dragon Claw,5,4,5,75000,--
Hoopa,79.1,720,psychic,dark,273.9,173.1,157,7444803,50,4530,Astonish,Dark Pulse,Shadow Ball,5,6,20,100000,Unbound
Keldeo,79.1,647,water,fighting,231.1,173.9,188,7556656,50,4181,Poison Jab,Hydro Pump,Sacred Sword,11,5,20,100000,Ordinary
Snorlax,78.9,143,normal,none,172.3,154.6,289,7697298,50,3647,Lick,Body Slam,Superpower,12,14,5,75000,Shadow
Zapdos,78.9,145,electric,flying,225.2,168.1,186,7039576,50,3987,Thunder Shock,Drill Peck,Thunderbolt,5,7,20,100000,Shadow
Tapu Fini,78.7,788,water,fairy,171.4,226,157,6083463,50,3230,Water Gun,Surf,Nature's Madness,15,17,20,100000,--
Cetitan,78.6,975,ice,none,187.4,116,304,6605813,50,3519,Powder Snow,Avalanche,Body Slam,6,5,3,50000,--
Lugia,78.6,249,psychic,flying,174.8,273.1,210,10023854,50,4186,Dragon Tail,Aeroblast,Sky Attack,9,7,20,100000,Shadow
Togekiss,78.6,468,fairy,flying,201.7,194.9,178,6998226,50,3767,Charm,Ancient Power,Aura Sphere,8,10,3,50000,--
Mew,78.5,151,psychic,none,189.1,189.1,201,7185051,50,3691,Shadow Claw,Surf,Wild Charge,6,6,20,100000,--
Garchomp,78.2,445,dragon,ground,231.9,174.8,213,8634174,50,4479,Dragon Tail,Outrage,Sand Tomb,7,5,5,75000,Shadow
Necrozma,78.2,800,psychic,none,223.5,176.5,196,7730823,50,4163,Shadow Claw,Dark Pulse,Future Sight,7,9,20,100000,--
Rayquaza,78.1,384,dragon,flying,251.2,155.5,191,7460107,50,4336,Dragon Tail,Breaking Swipe,Dragon Ascent,4,8,20,100000,--
Latios,78,381,dragon,psychic,237.8,190.7,172,7802064,50,4310,Dragon Breath,Dragon Claw,Luster Purge,12,20,20,100000,--
Salamence,78,373,dragon,flying,245.4,153.8,194,7319888,50,4239,Dragon Tail,Fly,Outrage,5,7,5,75000,Shadow
Tyranitar,77.8,248,rock,dark,223.5,186.5,201,8381069,50,4335,Smack Down,Brutal Swing,Stone Edge,5,7,5,75000,Shadow
Cobalion,77.5,638,steel,fighting,173.9,205,188,6704815,50,3417,Double Kick,Sacred Sword,Stone Edge,3,5,20,100000,--
Regirock,77.4,377,rock,none,163,272.3,172,7633856,50,3530,Lock On,Stone Edge,Focus Blast,11,15,20,100000,Shadow
Excadrill,77.3,530,ground,steel,226.9,121,215,5902466,50,3667,Mud Slap,Drill Run,Rock Slide,5,5,3,50000,Shadow
Regirock,77.3,377,rock,none,163,272.3,172,7633856,50,3530,Lock On,Stone Edge,Focus Blast,11,15,20,100000,--
Salamence,77.3,373,dragon,flying,245.4,153.8,194,7319888,50,4239,Dragon Tail,Fly,Outrage,5,7,5,75000,--
Zapdos,77.3,145,electric,flying,225.2,168.1,186,7039576,50,3987,Thunder Shock,Drill Peck,Thunderbolt,5,7,20,100000,--
Raikou,77.2,243,electric,none,215.1,176.5,186,7060589,50,3902,Volt Switch,Wild Charge,Shadow Ball,3,4,20,100000,Shadow
Raikou,77,243,electric,none,215.1,176.5,186,7060589,50,3902,Volt Switch,Wild Charge,Shadow Ball,3,4,20,100000,--
Terrakion,76.9,639,rock,fighting,231.1,173.9,188,7556656,50,4181,Double Kick,Sacred Sword,Rock Slide,3,4,20,100000,--
Metagross,76.8,376,steel,psychic,228.6,204.2,172,8027353,50,4286,Bullet Punch,Meteor Mash,Earthquake,8,10,5,75000,Shadow
Genesect,76.6,649,bug,steel,224.4,179.8,158,6374570,50,3791,Fury Cutter,Magnet Bomb,Techno Blast (Douse),12,14,20,100000,Douse
Machamp,76.5,68,fighting,none,209.2,146.2,186,5690236,50,3455,Karate Chop,Cross Chop,Stone Edge,4,7,3,50000,Shadow
Skeledirge,76.4,911,fire,ghost,186.5,162.2,207,6262524,50,3422,Incinerate,Shadow Ball,Disarming Voice,3,3,3,10000,--
Ursaring,76.4,217,normal,none,210.9,133.6,186,5241463,50,3329,Shadow Claw,Swift,Close Combat,5,6,3,50000,Shadow
Tyranitar,76.2,248,rock,dark,223.5,186.5,201,8381069,50,4335,Smack Down,Brutal Swing,Stone Edge,5,7,5,75000,--
Excadrill,76.1,530,ground,steel,226.9,121,215,5902466,50,3667,Mud Slap,Drill Run,Rock Slide,5,5,3,50000,--
Guzzlord,76.1,799,dark,dragon,170.6,95.8,382,6242133,50,3264,Dragon Tail,Brutal Swing,Dragon Claw,4,4,20,100000,--
Melmetal,75.8,809,steel,none,202.5,172.3,234,8163107,50,4069,Thunder Shock,Superpower,Rock Slide,5,5,20,100000,--
Haxorus,75.7,612,dragon,none,251.2,157.1,166,6553746,50,4062,Dragon Tail,Breaking Swipe,Night Slash,4,4,5,75000,--
Entei,75.5,244,fire,none,210.1,156.3,223,7321947,50,3926,Fire Spin,Flame Charge,Scorching Sands,5,5,20,100000,--
Donphan,75.4,232,ground,none,192.4,168.1,186,6015160,50,3407,Mud Slap,Trailblaze,Body Slam,5,4,3,50000,--
Snorlax,75.4,143,normal,none,172.3,154.6,289,7697298,50,3647,Lick,Body Slam,Superpower,12,14,5,75000,--
Sneasler,75.2,903,fighting,poison,230.2,145.4,172,5756969,50,3643,Shadow Claw,Close Combat,Aerial Ace,6,5,5,75000,--
Articuno,75.1,144,ice,flying,173.9,210.9,186,6823792,50,3450,Ice Shard,Triple Axel,Ancient Power,5,5,20,100000,Shadow
Genesect,75,649,bug,steel,224.4,179.8,158,6374570,50,3791,Fury Cutter,Magnet Bomb,Techno Blast (Burn),12,14,20,100000,Burn
Genesect,75,649,bug,steel,224.4,179.8,158,6374570,50,3791,Fury Cutter,Magnet Bomb,Techno Blast (Shock),12,14,20,100000,Shock
Avalugg,74.7,713,ice,none,177.3,214.3,194,7370435,50,3615,Ice Fang,Avalanche,Crunch,9,9,3,50000,--
Darkrai,74.7,491,dark,none,252.1,179,157,7083848,50,4227,Snarl,Dark Pulse,Focus Blast,4,6,20,100000,--
Walrein,74.7,365,ice,water,165.5,160.5,215,5712245,50,3081,Powder Snow,Icicle Spear,Earthquake,5,9,3,50000,Shadow
Rhydon,74.6,112,ground,rock,199.2,156.3,208,6474308,50,3594,Mud Slap,Breaking Swipe,Stone Edge,4,6,3,50000,Shadow
Walrein,74.6,365,ice,water,165.5,160.5,215,5712245,50,3081,Powder Snow,Icicle Spear,Earthquake,5,9,3,50000,--
Nihilego,74.5,793,rock,poison,221.8,189.1,214,8975713,50,4465,Poison Jab,Power Gem,Sludge Bomb,8,8,20,100000,--
Conkeldurr,74.4,534,fighting,none,216.8,145.4,208,6555380,50,3773,Counter,Brutal Swing,Dynamic Punch,6,9,5,75000,Shadow
Entei,74.4,244,fire,none,210.1,156.3,223,7321947,50,3926,Fire Spin,Flame Charge,Scorching Sands,5,5,20,100000,Shadow
Gengar,74.4,94,ghost,poison,231.9,137.8,142,4538476,50,3254,Shadow Claw,Shadow Punch,Sludge Bomb,5,7,3,50000,Shadow
Rhydon,74.4,112,ground,rock,199.2,156.3,208,6474308,50,3594,Mud Slap,Breaking Swipe,Stone Edge,4,6,3,50000,--
Donphan,74.2,232,ground,none,192.4,168.1,186,6015160,50,3407,Mud Slap,Body Slam,Trailblaze,4,5,3,50000,Shadow
Sylveon,74.2,700,fairy,none,183.2,184.9,194,6569762,50,3470,Charm,Moonblast,Psyshock,10,8,5,75000,--
Incineroar,74,727,fire,dark,192.4,159.7,194,5960183,50,3387,Snarl,Blast Burn,Darkest Lariat,4,5,3,10000,--
Tapu Koko,73.8,785,electric,fairy,222.7,164.7,157,5757983,50,3582,Volt Switch,Thunderbolt,Nature's Madness,4,4,20,100000,--
Zapdos,73.7,145,fighting,flying,224.4,171.4,186,7153575,50,4012,Counter,Ancient Power,Brave Bird,8,10,20,100000,Galarian
Gallade,73.6,475,psychic,fighting,211.8,176.5,154,5754523,50,3497,Psycho Cut,Close Combat,Leaf Blade,5,4,5,75000,Shadow
Vaporeon,73.5,134,water,none,184.9,147.9,245,6698386,50,3521,Water Gun,Aqua Tail,Liquidation,12,15,5,75000,--
Gardevoir,73.4,282,psychic,fairy,211.8,176.5,154,5754523,50,3497,Charm,Triple Axel,Synchronoise,8,9,5,75000,Shadow
Overqwil,73.2,904,dark,poison,199.2,156.3,178,5540514,50,3330,Poison Sting,Aqua Tail,Shadow Ball,4,7,5,75000,--
Bewear,73.1,760,normal,fighting,202.5,131.1,231,6132286,50,3524,Shadow Claw,Superpower,Payback,5,8,1,10000,--
Buzzwole,73.1,794,bug,fighting,210.9,177.3,194,7254820,50,3912,Counter,Superpower,Lunge,7,8,20,100000,--
Golurk,73.1,623,ground,ghost,199.2,142,184,5203812,50,3226,Mud Slap,Shadow Punch,Dynamic Punch,4,5,5,75000,Shadow
Machamp,73.1,68,fighting,none,209.2,146.2,186,5690236,50,3455,Karate Chop,Cross Chop,Rock Slide,4,5,3,50000,--
Thundurus,73,642,electric,flying,260.5,147.9,170,6549257,50,4137,Volt Switch,Wildbolt Storm,Focus Blast,3,5,20,100000,Therian
Moltres,72.8,146,fire,flying,223.5,164.7,186,6847301,50,3917,Fire Spin,Sky Attack,Ancient Power,6,5,20,100000,Shadow
Jirachi,72.7,385,steel,psychic,189.1,189.1,201,7185051,50,3691,Confusion,Doom Desire,Psychic,4,5,20,100000,--
Weavile,72.4,461,dark,ice,216.8,156.3,157,5319870,50,3397,Snarl,Avalanche,Focus Blast,4,6,3,50000,Shadow
Greninja,72.3,658,water,dark,200,140.3,160,4490370,50,3001,Water Shuriken,Hydro Cannon,Night Slash,3,3,3,10000,--
Articuno,72.2,144,ice,flying,173.9,210.9,186,6823792,50,3450,Ice Shard,Triple Axel,Ancient Power,5,5,20,100000,--
Suicune,72.2,245,water,none,163.9,210.1,201,6918938,50,3372,Snarl,Scald,Ice Beam,4,5,20,100000,Shadow
Suicune,72.1,245,water,none,163.9,210.1,201,6918938,50,3372,Snarl,Scald,Ice Beam,4,5,20,100000,--
Victini,72.1,494,psychic,fire,189.1,189.1,201,7185051,50,3691,Quick Attack,V-Create,Psychic,5,7,20,100000,--
Conkeldurr,72,534,fighting,none,216.8,145.4,208,6555380,50,3773,Counter,Brutal Swing,Dynamic Punch,6,9,5,75000,--
Magnezone,72,462,electric,steel,212.6,184.9,157,6170376,50,3623,Volt Switch,Wild Charge,Mirror Shot,3,3,3,50000,Shadow
Cresselia,71.8,488,psychic,none,140.3,229.4,231,7436350,50,3230,Psycho Cut,Grass Knot,Moonblast,6,7,20,100000,--
Genesect,71.7,649,bug,steel,224.4,179.8,158,6374570,50,3791,Fury Cutter,Magnet Bomb,Techno Blast (Normal),12,14,20,100000,--
Krookodile,71.6,553,ground,dark,205,145.4,194,5782377,50,3444,Mud Slap,Crunch,Earthquake,5,7,5,75000,--
Mewtwo,71.6,150,psychic,none,165.5,246.2,192,7825351,50,3603,Confusion,Psystrike,Dynamic Punch,4,5,20,100000,Armored
Chesnaught,71.4,652,grass,fighting,181.5,184,184,6145885,50,3340,Vine Whip,Frenzy Plant,Superpower,6,5,3,10000,--
Armarouge,71.2,936,fire,psychic,209.2,168.1,178,6259189,50,3628,Incinerate,Psyshock,Flame Charge,3,3,5,50000,--
Ursaring,71.1,217,normal,none,210.9,133.6,186,5241463,50,3329,Shadow Claw,Close Combat,Swift,6,5,3,50000,--
Gengar,71,94,ghost,poison,231.9,137.8,142,4538476,50,3254,Shadow Claw,Shadow Punch,Sludge Bomb,5,7,3,50000,--
Golurk,71,623,ground,ghost,199.2,142,184,5203812,50,3226,Mud Slap,Shadow Punch,Earth Power,4,6,5,75000,--
Ceruledge,70.9,937,fire,ghost,213.4,171.4,164,6000349,50,3586,Incinerate,Shadow Ball,Flame Charge,3,3,5,50000,--
Gigalith,70.6,526,rock,none,202.5,181.5,178,6542738,50,3650,Mud Slap,Superpower,Meteor Beam,4,6,3,50000,--
Gogoat,70.4,673,grass,none,177.3,135.3,235,5636960,50,3163,Vine Whip,Leaf Blade,Brick Break,5,5,3,50000,--
Weavile,70.4,461,dark,ice,216.8,156.3,157,5319870,50,3397,Snarl,Avalanche,Focus Blast,4,6,3,50000,--
Decidueye,70.1,724,grass,ghost,189.1,163,168,5178003,50,3137,Astonish,Frenzy Plant,Brave Bird,5,6,3,10000,--
Glaceon,70,471,ice,none,212.6,184.9,149,5855962,50,3535,Ice Shard,Avalanche,Icy Wind,5,5,5,75000,--
Cursola,69.8,864,ghost,none,225.2,165.5,142,5293685,50,3463,Astonish,Night Shade,Power Gem,5,5,3,50000,--
Gardevoir,69.6,282,psychic,fairy,211.8,176.5,154,5754523,50,3497,Charm,Triple Axel,Synchronoise,8,9,5,75000,--
Thundurus,69.6,642,electric,flying,236.1,150.4,170,6037776,50,3782,Astonish,Crunch,Thunder,5,6,20,100000,Incarnate
Lunala,69.5,792,psychic,ghost,226.9,173.1,234,9190002,50,4570,Confusion,Shadow Ball,Moonblast,5,5,20,100000,--
Milotic,69.5,350,water,none,173.9,196.6,194,6635241,50,3398,Dragon Tail,Surf,Blizzard,5,9,5,75000,--
Samurott,69.1,503,water,none,190.7,144.5,194,5348411,50,3194,Fury Cutter,Hydro Cannon,Megahorn,10,14,3,10000,--
Cresselia,69,488,psychic,none,140.3,229.4,231,7436350,50,3230,Psycho Cut,Grass Knot,Moonblast,6,7,20,100000,Shadow
Gigalith,69,526,rock,none,202.5,181.5,178,6542738,50,3650,Mud Slap,Meteor Beam,Superpower,6,4,3,50000,Shadow
Chandelure,68.9,609,ghost,fire,240.3,165.5,142,5649231,50,3695,Incinerate,Shadow Ball,Flame Charge,3,3,5,75000,--
Chandelure,68.7,609,ghost,fire,240.3,165.5,142,5649231,50,3695,Incinerate,Shadow Ball,Flame Charge,3,3,5,75000,Shadow
Latias,68.7,380,dragon,psychic,204.2,219.3,172,7702718,50,3968,Dragon Breath,Mist Ball,Outrage,20,20,20,100000,--
Typhlosion,68.6,157,fire,none,200,158,168,5307779,50,3266,Incinerate,Blast Burn,Thunder Punch,3,2,3,10000,--
Magnezone,68.5,462,electric,steel,212.6,184.9,157,6170376,50,3623,Volt Switch,Wild Charge,Mirror Shot,3,3,3,50000,--
Gallade,68.4,475,psychic,fighting,211.8,176.5,154,5754523,50,3497,Psycho Cut,Close Combat,Leaf Blade,5,4,5,75000,--
Scizor,68.4,212,bug,steel,210.9,164.7,157,5453787,50,3393,Bullet Punch,Night Slash,Iron Head,5,8,5,75000,Shadow
Xurkitree,68.3,796,electric,none,289.9,133.6,176,6817068,50,4451,Thunder Shock,Discharge,Dazzling Gleam,5,8,20,100000,--
Passimian,68.2,766,fighting,none,199.2,147.1,201,5886419,50,3429,Counter,Close Combat,Brutal Swing,8,6,3,75000,--
Blacephalon,68.1,806,fire,ghost,277.3,137,131,4975556,50,3727,Incinerate,Mystical Fire,Shadow Ball,3,3,20,100000,--
Darmanitan,68.1,555,fire,none,233.6,108.4,208,5267040,50,3511,Incinerate,Overheat,Rock Slide,3,3,3,50000,Standard
Typhlosion,67.9,157,fire,none,200,158,168,5307779,50,3266,Incinerate,Blast Burn,Thunder Punch,3,2,3,10000,Shadow
Beartic,67.6,614,ice,none,208.4,140.3,194,5673338,50,3439,Powder Snow,Ice Punch,Liquidation,5,6,3,50000,--
Tangrowth,67.6,465,grass,none,186.5,167.2,201,6270048,50,3425,Vine Whip,Power Whip,Rock Slide,7,6,3,50000,Shadow
Aurorus,67.3,699,rock,ice,168.9,149.6,235,5936803,50,3168,Powder Snow,Weather Ball (Ice),Thunderbolt,5,7,5,75000,--
Magmortar,67.3,467,fire,none,220.2,157.1,164,5673558,50,3541,Karate Chop,Fire Punch,Thunderbolt,5,7,5,75000,Shadow
Charizard,67.1,6,fire,flying,200,158,168,5307779,50,3266,Dragon Breath,Blast Burn,Dragon Claw,17,12,3,10000,--
Hariyama,66.9,297,fighting,none,188.2,108.4,266,5427354,50,3198,Force Palm,Close Combat,Superpower,5,4,3,50000,Shadow
Regigigas,66.9,486,normal,none,253.8,189.1,198,9499996,50,4913,Hidden Power (Ice),Return,Thunder,9,8,20,100000,--
Volcarona,66.9,637,bug,fire,234.4,171.4,178,7153575,50,4106,Fire Spin,Overheat,Bug Buzz,6,6,5,75000,--
Cryogonal,66.8,615,ice,none,172.3,195.8,172,5801055,50,3163,Ice Shard,Triple Axel,Night Slash,5,4,5,75000,--
Darmanitan,66.7,555,fire,none,233.6,108.4,208,5267040,50,3511,Incinerate,Overheat,Rock Slide,3,3,3,50000,Standard
Empoleon,66.7,395,water,steel,189.1,168.9,178,5684174,50,3279,Metal Claw,Hydro Cannon,Drill Peck,6,6,3,10000,Shadow
Shaymin,66.7,492,grass,flying,231.9,152.1,201,7090102,50,4061,Magical Leaf,Grass Knot,Energy Ball,5,6,20,100000,Sky
Charizard,66.6,6,fire,flying,200,158,168,5307779,50,3266,Dragon Breath,Blast Burn,Dragon Claw,17,12,3,10000,Shadow
Tangrowth,66.6,465,grass,none,186.5,167.2,201,6270048,50,3425,Vine Whip,Power Whip,Rock Slide,7,6,3,50000,--
Tsareena,66.5,763,grass,none,199.2,176.5,160,5622848,50,3351,Magical Leaf,Triple Axel,High Jump Kick,5,6,3,10000,--
Ninetales,66.3,38,ice,fairy,155.5,174.8,161,4374513,50,2610,Powder Snow,Weather Ball (Ice),Psyshock,5,6,3,50000,Alolan
Primeape,66.3,57,fighting,none,186.5,128.6,149,3573546,50,2586,Karate Chop,Close Combat,Rage Fist,5,4,3,50000,Shadow
Golem,66.2,76,rock,ground,189.9,179,172,5846356,50,3334,Mud Slap,Stone Edge,Rock Blast,6,4,1,10000,--
Heracross,66.2,214,bug,fighting,209.2,163,172,5866759,50,3506,Counter,Close Combat,Rock Blast,8,7,3,50000,--
Magmortar,66.1,467,fire,none,220.2,157.1,164,5673558,50,3541,Karate Chop,Fire Punch,Thunderbolt,5,7,5,75000,--
Celebi,66,251,psychic,grass,189.1,189.1,201,7185051,50,3691,Confusion,Seed Bomb,Leaf Storm,4,5,20,100000,--
Delphox,65.9,655,fire,psychic,205.9,171.4,164,5787738,50,3459,Fire Spin,Blast Burn,Mystical Fire,5,5,3,10000,--
Sandslash,65.9,28,ice,steel,161.3,176.5,164,4669099,50,2750,Powder Snow,Drill Run,Ice Punch,6,5,3,50000,Alolan
Golem,65.8,76,rock,ground,189.9,179,172,5846356,50,3334,Mud Slap,Stone Edge,Rock Blast,6,4,1,10000,Shadow
Muk,65.8,89,poison,dark,172.3,157.1,208,5630248,50,3117,Poison Jab,Dark Pulse,Sludge Wave,8,10,3,50000,Alolan
Regice,65.8,378,ice,none,163,272.3,172,7633856,50,3530,Lock On,Thunder,Earthquake,12,13,20,100000,--
Obstagoon,65.6,862,dark,normal,163.9,175.6,190,5467682,50,2999,Counter,Night Slash,Cross Chop,6,6,3,10000,Shadow
Kartana,65.4,798,grass,steel,284,165.5,129,6065148,50,4156,Razor Leaf,Leaf Blade,Night Slash,9,9,20,100000,--
Primeape,65.4,57,fighting,none,186.5,128.6,149,3573546,50,2586,Karate Chop,Close Combat,Rage Fist,5,4,3,50000,--
Roserade,65.4,407,grass,poison,216.8,168.1,142,5173766,50,3359,Poison Jab,Weather Ball (Fire),Leaf Storm,5,8,3,50000,--
Scizor,65.4,212,bug,steel,210.9,164.7,157,5453787,50,3393,Fury Cutter,Night Slash,X-Scissor,9,10,5,75000,--
Golem,65.2,76,rock,electric,189.9,179,172,5846356,50,3334,Rollout,Wild Charge,Stone Edge,4,5,1,10000,Alolan
Empoleon,65.1,395,water,steel,189.1,168.9,178,5684174,50,3279,Metal Claw,Hydro Cannon,Drill Peck,6,6,3,10000,--
Golem,65.1,76,rock,electric,189.9,179,172,5846356,50,3334,Rollout,Wild Charge,Stone Edge,4,5,1,10000,Alolan
Electivire,64.9,466,electric,none,221.8,149.6,164,5441724,50,3481,Thunder Shock,Wild Charge,Ice Punch,5,5,5,75000,Shadow
Hariyama,64.9,297,fighting,none,188.2,108.4,266,5427354,50,3198,Force Palm,Close Combat,Heavy Slam,5,5,3,50000,--
Lapras,64.8,131,water,ice,151.3,158.8,245,5885307,50,2985,Ice Shard,Surf,Ice Beam,5,6,5,75000,Shadow
Obstagoon,64.8,862,dark,normal,163.9,175.6,190,5467682,50,2999,Counter,Night Slash,Obstruct,6,7,3,10000,--
Articuno,64.7,144,psychic,flying,222.7,178.1,186,7378421,50,4059,Psycho Cut,Ancient Power,Brave Bird,5,7,20,100000,Galarian
Pinsir,64.7,127,bug,none,212.6,165.5,149,5243747,50,3345,Fury Cutter,Close Combat,X-Scissor,12,10,5,75000,Shadow
Pyroar,64.7,668,fire,normal,198.3,137.8,180,4919230,50,3129,Incinerate,Flame Charge,Dark Pulse,3,3,3,10000,--
Latias,64.3,380,dragon,psychic,204.2,219.3,172,7702718,50,3968,Dragon Breath,Mist Ball,Outrage,20,20,20,100000,Shadow
Samurott,64.3,503,water,dark,195.8,140.3,186,5110391,50,3167,Snarl,Razor Shell,Icy Wind,3,4,3,10000,Hisuian
Poliwrath,64.2,62,water,fighting,165.5,167.2,186,5148740,50,2923,Counter,Scald,Icy Wind,9,8,3,50000,--
Regice,64.2,378,ice,none,163,272.3,172,7633856,50,3530,Lock On,Thunder,Earthquake,12,13,20,100000,Shadow
Celesteela,64.1,797,steel,flying,186.5,179.8,196,6574937,50,3507,Air Slash,Body Slam,Bulldoze,4,7,20,100000,--
Venusaur,64.1,3,grass,poison,179,171.4,172,5277242,50,3075,Vine Whip,Frenzy Plant,Sludge Bomb,6,7,3,10000,--
Abomasnow,64,460,grass,ice,162.2,145.4,186,4385157,50,2670,Powder Snow,Weather Ball (Ice),Energy Ball,5,7,3,50000,Shadow
Blaziken,64,257,fire,fighting,214.3,131.1,172,4831277,50,3219,Fire Spin,Blast Burn,Blaze Kick,5,4,3,10000,Shadow
Drapion,64,452,poison,dark,163.9,182.3,157,4690971,50,2773,Poison Sting,Aqua Tail,Crunch,4,5,5,75000,Shadow
Registeel,64,379,steel,none,132.8,252.1,172,5756726,50,2766,Lock On,Focus Blast,Flash Cannon,15,14,20,100000,--
Moltres,63.9,146,fire,flying,223.5,164.7,186,6847301,50,3917,Wing Attack,Sky Attack,Overheat,8,8,20,100000,--
Muk,63.9,89,poison,dark,172.3,157.1,208,5630248,50,3117,Poison Jab,Dark Pulse,Sludge Wave,8,10,3,50000,Alolan
Typhlosion,63.9,157,fire,ghost,212.6,157.1,161,5378445,50,3385,Hex,Shadow Ball,Fire Punch,5,4,3,10000,Hisuian
Hoopa,63.8,720,psychic,ghost,231.9,169.7,157,6180575,50,3797,Astonish,Shadow Ball,Psychic,6,6,20,100000,--
Arboliva,63.7,930,grass,normal,196.6,171.4,168,5662707,50,3345,Magical Leaf,Trailblaze,Earth Power,5,6,3,50000,--
Meowscarada,63.7,908,grass,dark,208.4,141.2,166,4883574,50,3193,Leafage,Night Slash,Grass Knot,5,8,3,10000,--
Tornadus,63.7,641,flying,none,212.6,171.4,170,6195386,50,3635,Gust,Bleakwind Storm,Focus Blast,4,7,20,100000,Therian
Sirfetch'd,63.6,865,fighting,none,221,160.5,145,5143111,50,3375,Fury Cutter,Close Combat,Leaf Blade,12,9,3,50000,--
Venusaur,63.6,3,grass,poison,179,171.4,172,5277242,50,3075,Vine Whip,Frenzy Plant,Sludge Bomb,6,7,3,10000,Shadow
Lapras,63.4,131,water,ice,151.3,158.8,245,5885307,50,2985,Ice Shard,Surf,Ice Beam,5,6,5,75000,--
Trevenant,63.4,709,ghost,grass,181.5,142,178,4588061,50,2893,Shadow Claw,Shadow Ball,Seed Bomb,7,6,5,75000,--
Regigigas,63.3,486,normal,none,253.8,189.1,198,9499996,50,4913,Hidden Power (Ice),Focus Blast,Thunder,10,8,20,100000,Shadow
Drifblim,63.2,426,ghost,flying,163.9,98.3,274,4414076,50,2693,Astonish,Icy Wind,Shadow Ball,5,6,5,75000,--
Drifblim,63.2,426,ghost,flying,163.9,98.3,274,4414076,50,2693,Astonish,Icy Wind,Shadow Ball,5,6,5,75000,Shadow
Leafeon,63.2,470,grass,none,194.1,196.6,149,5686995,50,3328,Bullet Seed,Leaf Blade,Last Resort,3,5,5,75000,--
Escavalier,63.1,589,bug,steel,200,169.7,157,5329626,50,3266,Counter,Drill Run,Megahorn,8,10,3,50000,--
Kleavor,63,900,bug,rock,225.2,158.8,157,5615197,50,3557,Quick Attack,X-Scissor,Stone Edge,5,7,5,75000,--
Poliwrath,62.9,62,water,fighting,165.5,167.2,186,5148740,50,2923,Counter,Scald,Icy Wind,9,8,3,50000,Shadow
Clefable,62.8,36,fairy,none,162.2,148.7,194,4679517,50,2755,Fairy Wind,Swift,Meteor Mash,4,6,1,10000,--
Ninetales,62.8,38,ice,fairy,155.5,174.8,161,4374513,50,2610,Powder Snow,Weather Ball (Ice),Psyshock,5,6,3,50000,Alolan
Sandslash,62.8,28,ice,steel,161.3,176.5,164,4669099,50,2750,Powder Snow,Drill Run,Ice Punch,6,5,3,50000,Alolan
Bisharp,62.7,625,dark,steel,207.6,160.5,149,4963469,50,3215,Snarl,Dark Pulse,X-Scissor,4,4,5,75000,--
Electivire,62.7,466,electric,none,221.8,149.6,164,5441724,50,3481,Thunder Shock,Wild Charge,Ice Punch,5,5,5,75000,--
Gastrodon,62.7,423,water,ground,154.6,132.8,217,4454545,50,2628,Mud Slap,Body Slam,Earth Power,4,6,3,50000,--
Naganadel,62.6,804,poison,dragon,233.6,146.2,161,5499063,50,3587,Poison Jab,Dragon Claw,Sludge Bomb,5,8,20,100000,--
Luxray,62.5,405,electric,none,207.6,143.7,172,5129680,50,3265,Snarl,Wild Charge,Psychic Fangs,4,3,5,75000,Shadow
Blastoise,62.4,9,water,none,156.3,186.5,170,4956597,50,2788,Water Gun,Hydro Cannon,Ice Beam,14,19,3,10000,--
Leavanny,62,542,bug,grass,184.9,151.3,164,4585723,50,2917,Shadow Claw,Leaf Blade,X-Scissor,5,5,1,10000,--
Drapion,61.9,452,poison,dark,163.9,182.3,157,4690971,50,2773,Poison Sting,Aqua Tail,Crunch,4,5,5,75000,--
Gliscor,61.7,472,ground,flying,168.1,199.2,164,5488971,50,3043,Wing Attack,Night Slash,Earthquake,5,10,5,75000,--
Porygon-Z,61.7,474,normal,none,234.4,138.6,178,5785980,50,3693,Lock On,Tri Attack,Blizzard,10,15,3,50000,Shadow
Stoutland,61.7,508,normal,none,185.7,165.5,178,5472015,50,3196,Sand Attack,Wild Charge,Crunch,12,12,1,10000,--
Steelix,61.5,208,steel,ground,137,241.2,164,5417290,50,2729,Dragon Tail,Breaking Swipe,Psychic Fangs,4,4,5,75000,--
Blastoise,61.3,9,water,none,156.3,186.5,170,4956597,50,2788,Water Gun,Hydro Cannon,Ice Beam,14,19,3,10000,Shadow
Meganium,61.3,154,grass,none,153.8,182.3,172,4822897,50,2725,Vine Whip,Frenzy Plant,Earthquake,6,9,3,10000,--
Porygon-Z,61.3,474,normal,none,234.4,138.6,178,5785980,50,3693,Lock On,Tri Attack,Blizzard,10,15,3,50000,--
Vikavolt,61.3,738,bug,electric,226,145.4,167,5487615,50,3524,Volt Switch,X-Scissor,Fly,3,3,1,10000,--
Archeops,61.2,567,rock,flying,258,129.4,164,5474843,50,3766,Wing Attack,Dragon Claw,Ancient Power,5,7,5,75000,Shadow
Barbaracle,61.2,689,rock,water,175.6,184.9,160,5194667,50,3025,Mud Slap,Cross Chop,Stone Edge,4,6,3,50000,--
Abomasnow,60.9,460,grass,ice,162.2,145.4,186,4385157,50,2670,Powder Snow,Weather Ball (Ice),Energy Ball,5,7,3,50000,--
Escavalier,60.8,589,bug,steel,200,169.7,157,5329626,50,3266,Counter,Drill Run,Megahorn,8,10,3,50000,Shadow
Arcanine,60.7,59,fire,none,203.4,152.1,186,5752752,50,3425,Snarl,Wild Charge,Psychic Fangs,4,3,3,50000,Shadow
Blaziken,60.7,257,fire,fighting,214.3,131.1,172,4831277,50,3219,Fire Spin,Blaze Kick,Blast Burn,4,5,3,10000,--
Dusknoir,60.6,477,ghost,none,163.9,226,120,4444643,50,2700,Astonish,Shadow Punch,Dark Pulse,4,5,3,50000,Shadow
Ampharos,60.5,181,electric,none,189.9,154.6,186,5461450,50,3225,Volt Switch,Brutal Swing,Thunder Punch,3,3,5,75000,--
Decidueye,60.5,724,grass,fighting,191.6,158.8,184,5598649,50,3275,Magical Leaf,Aura Sphere,Aerial Ace,6,4,3,10000,Hisuian
Drampa,60.5,780,normal,dragon,206.7,150.4,168,5223555,50,3294,Dragon Breath,Fly,Outrage,15,20,5,75000,--
Flygon,60.5,330,ground,dragon,184.9,153.8,172,4889573,50,3008,Sand Attack,Dragon Claw,Scorching Sands,9,13,5,75000,Shadow
Muk,60.5,89,poison,none,172.3,157.1,208,5630248,50,3117,Poison Jab,Thunder Punch,Dark Pulse,6,8,3,50000,Shadow
Mr. Rime,60.3,866,ice,psychic,190.7,163,172,5348411,50,3196,Ice Shard,Triple Axel,Ice Punch,5,4,5,75000,--
Lokix,60.1,920,bug,dark,179.8,133.6,158,3796092,50,2619,Sucker Punch,X-Scissor,Dark Pulse,6,8,1,50000,--
Skuntank,60.1,435,poison,dark,167.2,123.5,205,4234411,50,2666,Poison Jab,Crunch,Trailblaze,7,7,3,50000,Shadow
Lickilicky,59.9,463,normal,none,147.9,164.7,215,5236920,50,2789,Rollout,Body Slam,Shadow Ball,3,5,3,50000,--
Piloswine,59.9,221,ice,ground,164.7,128.6,201,4256105,50,2652,Powder Snow,Avalanche,High Horsepower,6,8,3,50000,Shadow
Weezing,59.9,110,poison,fairy,158.8,178.1,149,4215535,50,2592,Fairy Wind,Brutal Swing,Sludge,4,5,3,50000,Galarian
Hatterene,59.8,858,psychic,fairy,211.8,165.5,137,4802375,50,3198,Charm,Psyshock,Power Whip,8,9,5,50000,--
Ampharos,59.7,181,electric,none,189.9,154.6,186,5461450,50,3225,Volt Switch,Brutal Swing,Thunder Punch,3,3,5,75000,Shadow
Stakataka,59.7,805,rock,steel,191.6,263,143,7205829,50,3724,Rock Throw,Stone Edge,Bulldoze,11,12,20,100000,--
Shiftry,59.4,275,grass,dark,180.7,114.3,186,3840246,50,2637,Snarl,Leaf Blade,Foul Play,3,4,3,50000,Shadow
Pinsir,59.3,127,bug,none,212.6,165.5,149,5243747,50,3345,Fury Cutter,Close Combat,X-Scissor,12,10,5,75000,--
Cinderace,59.2,815,fire,none,212.6,149.6,172,5469375,50,3412,Fire Spin,Flamethrower,Flame Charge,6,5,3,10000,--
Flareon,59.1,136,fire,none,219.3,163,149,5327179,50,3424,Fire Spin,Superpower,Flamethrower,4,6,5,75000,--
Steelix,59.1,208,steel,ground,137,241.2,164,5417290,50,2729,Dragon Tail,Breaking Swipe,Psychic Fangs,4,4,5,75000,Shadow
Archeops,59,567,rock,flying,258,129.4,164,5474843,50,3766,Wing Attack,Ancient Power,Dragon Claw,7,5,5,75000,--
Dusknoir,59,477,ghost,none,163.9,226,120,4444643,50,2700,Astonish,Shadow Punch,Dark Pulse,4,5,3,50000,--
Registeel,59,379,steel,none,132.8,252.1,172,5756726,50,2766,Lock On,Focus Blast,Flash Cannon,15,14,20,100000,Shadow
Relicanth,59,369,water,rock,148.7,183.2,201,5476393,50,2858,Water Gun,Aqua Tail,Ancient Power,12,15,5,75000,--
Nidoqueen,58.9,31,poison,ground,163.9,158,186,4814755,50,2812,Poison Jab,Earth Power,Poison Fang,8,6,3,50000,Shadow
Runerigus,58.9,867,ground,ghost,149.6,211.8,139,4402548,50,2570,Shadow Claw,Brutal Swing,Shadow Ball,5,7,3,50000,--
Crawdaunt,58.8,342,water,dark,200.8,131.9,147,3894786,50,2797,Snarl,Night Slash,Scald,3,4,3,50000,Shadow
Flygon,58.8,330,ground,dragon,184.9,153.8,172,4889573,50,3008,Sand Attack,Dragon Claw,Scorching Sands,9,13,5,75000,--
Honchkrow,58.8,430,dark,flying,216.8,99.2,201,4320823,50,3065,Snarl,Brave Bird,Dark Pulse,5,4,3,50000,Shadow
Piloswine,58.8,221,ice,ground,164.7,128.6,201,4256105,50,2652,Powder Snow,Avalanche,High Horsepower,6,8,3,50000,--
Exeggutor,58.7,103,grass,dragon,205.9,141.2,194,5638270,50,3407,Dragon Tail,Seed Bomb,Draco Meteor,5,8,3,50000,Alolan
Mienshao,58.7,620,fighting,none,229.4,119.3,149,4078552,50,3064,Force Palm,Brutal Swing,Blaze Kick,4,4,3,50000,--
Arcanine,58.6,59,fire,none,203.4,152.1,186,5752752,50,3425,Snarl,Wild Charge,Psychic Fangs,4,3,3,50000,--
Malamar,58.5,687,dark,psychic,161.3,151.3,180,4392533,50,2667,Psywave,Superpower,Foul Play,10,12,3,50000,--
Politoed,58.5,186,water,none,158.8,163,186,4815543,50,2769,Bubble,Weather Ball (Water),Ice Beam,4,5,3,50000,Shadow
Kangaskhan,58.4,115,normal,none,164.7,151.3,208,5181562,50,2924,Mud Slap,Crunch,Stomp,5,4,3,50000,--
Meganium,58.4,154,grass,none,153.8,182.3,172,4822897,50,2725,Vine Whip,Frenzy Plant,Earthquake,6,9,3,10000,Shadow
Rillaboom,58.4,812,grass,none,213.4,153.8,201,6597048,50,3758,Razor Leaf,Grass Knot,Earth Power,13,14,3,10000,--
Gourgeist,58.3,711,ghost,grass,165.5,180.7,178,5323453,50,2976,Hex,Shadow Ball,Seed Bomb,5,4,5,75000,Super
Luxray,58.2,405,electric,none,207.6,143.7,172,5129680,50,3265,Snarl,Wild Charge,Psychic Fangs,4,3,5,75000,--
Stonjourner,58.2,874,rock,none,199.2,165.5,201,6626426,50,3638,Rock Throw,Stone Edge,Rock Slide,11,9,5,75000,--
Muk,58.1,89,poison,none,172.3,157.1,208,5630248,50,3117,Poison Jab,Thunder Punch,Dark Pulse,6,8,3,50000,--
Skuntank,58.1,435,poison,dark,167.2,123.5,205,4234411,50,2666,Poison Jab,Crunch,Trailblaze,7,7,3,50000,--
Darmanitan,58,555,ice,none,233.6,108.4,208,5267040,50,3511,Ice Fang,Avalanche,Superpower,9,8,3,50000,Galarian
Exeggutor,58,103,grass,dragon,205.9,141.2,194,5638270,50,3407,Dragon Tail,Seed Bomb,Draco Meteor,5,8,3,50000,Alolan
Nidoqueen,58,31,poison,ground,163.9,158,186,4814755,50,2812,Poison Jab,Earth Power,Poison Fang,8,6,3,50000,--
Espeon,57.8,196,psychic,none,231.9,159.7,149,5517187,50,3583,Confusion,Psychic Fangs,Shadow Ball,3,5,5,75000,--
Druddigon,57.7,621,dragon,none,191.6,155.5,167,4973840,50,3088,Dragon Tail,Dragon Claw,Night Slash,4,4,5,75000,--
Quaquaval,57.7,914,water,fighting,210.9,146.2,178,5489234,50,3411,Wing Attack,Close Combat,Liquidation,7,7,3,10000,--
Aggron,57.6,306,steel,rock,179,228.6,157,6422689,50,3391,Dragon Tail,Meteor Beam,Stone Edge,7,7,1,10000,--
Palossand,57.6,770,ghost,ground,162.2,162.2,178,4681698,50,2763,Astonish,Scorching Sands,Shadow Ball,5,6,3,50000,--
Sceptile,57.5,254,grass,none,200,154.6,157,4854709,50,3117,Bullet Seed,Leaf Blade,Breaking Swipe,3,3,3,10000,Shadow
Gliscor,57.4,472,ground,flying,168.1,199.2,164,5488971,50,3043,Wing Attack,Night Slash,Aerial Ace,5,6,5,75000,Shadow
Cloyster,57.3,91,water,ice,168.9,227.7,127,4884699,50,2880,Ice Shard,Avalanche,Liquidation,5,5,3,50000,Shadow
Mandibuzz,57.2,630,dark,flying,121,184.9,215,4809416,50,2417,Snarl,Aerial Ace,Foul Play,4,4,5,75000,--
Honchkrow,57.1,430,dark,flying,216.8,99.2,201,4320823,50,3065,Snarl,Brave Bird,Dark Pulse,5,4,3,50000,--
Politoed,57,186,water,none,158.8,163,186,4815543,50,2769,Bubble,Weather Ball (Water),Ice Beam,4,5,3,50000,--
Revavroom,57,966,steel,poison,205,153.8,172,5422981,50,3337,Poison Jab,Overheat,Gyro Ball,8,9,3,50000,--
Sandslash,57,28,ground,none,165.5,159.7,164,4334434,50,2684,Sand Attack,Night Slash,Scorching Sands,9,13,3,50000,Shadow
Serperior,57,497,grass,none,147.9,184,164,4463437,50,2574,Vine Whip,Frenzy Plant,Aerial Ace,6,5,3,10000,--
Weezing,56.9,110,poison,fairy,158.8,178.1,149,4215535,50,2592,Fairy Wind,Brutal Swing,Sludge,4,5,3,50000,Galarian
Houndoom,56.8,229,dark,fire,200.8,133.6,164,4400557,50,2979,Snarl,Crunch,Flamethrower,4,5,3,50000,Shadow
Crawdaunt,56.7,342,water,dark,200.8,131.9,147,3894786,50,2797,Snarl,Night Slash,Scald,3,4,3,50000,--
Shiftry,56.6,275,grass,dark,180.7,114.3,186,3840246,50,2637,Snarl,Leaf Blade,Foul Play,3,4,3,50000,--
Aggron,56.5,306,steel,rock,179,228.6,157,6422689,50,3391,Dragon Tail,Meteor Beam,Stone Edge,7,7,1,10000,Shadow
Diancie,56.4,719,rock,fairy,172.3,252.1,127,5515026,50,3091,Rock Throw,Power Gem,Moonblast,10,12,20,100000,--
Sandslash,56.4,28,ground,none,165.5,159.7,164,4334434,50,2684,Sand Attack,Night Slash,Scorching Sands,9,13,3,50000,--
Staraptor,56.4,398,normal,flying,209.2,130.2,178,4850872,50,3194,Quick Attack,Brave Bird,Close Combat,7,6,1,10000,--
Lycanroc,56.3,745,rock,none,209.2,129.4,164,4440508,50,3054,Sucker Punch,Stone Edge,Trailblaze,8,7,5,50000,Dusk
Sceptile,56.3,254,grass,none,200,154.6,157,4854709,50,3117,Bullet Seed,Leaf Blade,Breaking Swipe,3,3,3,10000,--
Cloyster,56.2,91,water,ice,168.9,227.7,127,4884699,50,2880,Ice Shard,Avalanche,Liquidation,5,5,3,50000,--
Mesprit,56.2,481,psychic,none,190.7,190.7,172,6258192,50,3457,Confusion,Swift,Future Sight,3,6,20,100000,--
Staraptor,56.2,398,normal,flying,209.2,130.2,178,4850872,50,3194,Quick Attack,Brave Bird,Close Combat,7,6,1,10000,Shadow
Alakazam,56,65,psychic,none,240.3,152.9,135,4961808,50,3456,Psycho Cut,Fire Punch,Shadow Ball,5,7,3,50000,Shadow
Toxtricity,56,849,electric,poison,200.8,130.2,164,4289851,50,2941,Poison Jab,Wild Charge,Discharge,7,7,5,75000,--
Tyrantrum,56,697,rock,dragon,203.4,173.1,174,6124922,50,3537,Dragon Tail,Meteor Beam,Stone Edge,7,7,5,75000,--
Mismagius,55.9,429,ghost,none,189.9,169.7,142,4577379,50,2957,Psywave,Shadow Ball,Dark Pulse,14,13,3,50000,Shadow
Scyther,55.9,123,bug,flying,195.8,155.5,157,4778549,50,3060,Fury Cutter,Night Slash,Aerial Ace,9,10,5,75000,Shadow
Torterra,55.9,389,grass,ground,182.3,170.6,194,6034291,50,3318,Razor Leaf,Frenzy Plant,Stone Edge,12,14,3,10000,Shadow
Breloom,55.8,286,grass,fighting,215.1,133.6,142,4081259,50,2971,Force Palm,Dynamic Punch,Grass Knot,5,5,3,50000,--
Emboar,55.7,500,fire,fighting,210.1,119.3,215,5389340,50,3372,Ember,Blast Burn,Rock Slide,9,8,3,10000,--
Infernape,55.7,392,fire,fighting,199.2,139.5,166,4611405,50,3033,Fire Spin,Close Combat,Blast Burn,5,5,3,10000,--
Zangoose,55.6,335,normal,none,199.2,116.8,161,3745051,50,2733,Shadow Claw,Close Combat,Night Slash,6,5,3,50000,--
Bouffalant,55.5,626,normal,none,176.5,165.5,194,5667036,50,3163,Mud Shot,Stomp,Megahorn,5,7,3,50000,--
Hitmonlee,55.5,106,fighting,none,200.8,164.7,127,4200746,50,2912,Double Kick,Close Combat,Blaze Kick,4,4,5,75000,Shadow
Miltank,55.5,241,normal,none,144.5,174.8,194,4900747,50,2662,Rollout,Body Slam,Ice Beam,3,5,5,75000,--
Talonflame,55.4,663,fire,flying,160.5,142.9,168,3851770,50,2493,Incinerate,Brave Bird,Fly,3,3,1,10000,--
Mismagius,55.3,429,ghost,none,189.9,169.7,142,4577379,50,2957,Psywave,Shadow Ball,Dark Pulse,14,13,3,50000,--
Regidrago,55.3,895,dragon,none,182.3,97.5,348,6185370,50,3361,Bite,Breaking Swipe,Outrage,18,30,20,100000,--
Jellicent,55.2,593,water,ghost,146.2,162.2,201,4766190,50,2644,Bubble,Surf,Shadow Ball,5,5,3,50000,--
Braviary,55.1,628,normal,flying,207.6,140.3,201,5854344,50,3491,Air Slash,Brave Bird,Close Combat,7,5,5,75000,--
Lycanroc,55.1,745,rock,none,206.7,130.2,164,4415495,50,3027,Sucker Punch,Stone Edge,Drill Run,8,7,5,50000,Midday
Perrserker,55.1,863,steel,none,176.5,148.7,157,4120605,50,2697,Shadow Claw,Close Combat,Foul Play,6,6,3,50000,--
Victreebel,55.1,71,grass,poison,186.5,126,172,4044282,50,2748,Magical Leaf,Leaf Blade,Sludge Bomb,4,5,3,50000,Shadow
Houndoom,55,229,dark,fire,200.8,133.6,164,4400557,50,2979,Snarl,Crunch,Flamethrower,4,5,3,50000,--
Oranguru,55,765,normal,psychic,153.8,173.9,186,4975115,50,2770,Confusion,Brutal Swing,Trailblaze,3,4,3,75000,--
Rapidash,55,78,fire,none,186.5,148.7,149,4134103,50,2782,Incinerate,Wild Charge,Drill Run,3,3,3,50000,--
Eelektross,54.9,604,electric,none,194.9,140.3,178,4869599,50,3089,Volt Switch,Dragon Claw,Thunderbolt,3,4,1,10000,--
Seismitoad,54.9,537,water,ground,170.6,138.6,208,4919399,50,2899,Bubble,Earth Power,Muddy Water,5,4,3,50000,--
Crabominable,54.8,740,fighting,ice,206.7,128.6,196,5208964,50,3286,Bubble,Ice Punch,Brick Break,4,4,3,50000,--
Granbull,54.8,210,fairy,none,190.7,122.7,186,4352717,50,2885,Snarl,Close Combat,Crunch,4,4,3,50000,Shadow
Umbreon,54.8,197,dark,none,118.5,214.3,194,4925267,50,2416,Snarl,Foul Play,Last Resort,4,5,5,75000,--
Tentacruel,54.7,73,water,poison,152.1,188.2,172,4924065,50,2738,Poison Jab,Scald,Sludge Wave,8,10,3,50000,--
Kingdra,54.6,230,water,dragon,175.6,175.6,164,5058307,50,2986,Dragon Breath,Outrage,Octazooka,20,17,3,50000,--
Oinkologne,54.6,916,normal,none,154.6,148.7,223,5128197,50,2819,Tackle,Body Slam,Trailblaze,12,15,1,10000,Female
Torterra,54.6,389,grass,ground,182.3,170.6,194,6034291,50,3318,Razor Leaf,Frenzy Plant,Stone Edge,12,14,3,10000,--
Infernape,54.5,392,fire,fighting,199.2,139.5,166,4611405,50,3033,Fire Spin,Close Combat,Blast Burn,5,5,3,10000,Shadow
Oinkologne,54.5,916,normal,none,168.9,141.2,215,5126401,50,2949,Tackle,Body Slam,Trailblaze,12,15,1,10000,--
Lucario,54.3,448,fighting,steel,210.9,133.6,157,4424246,50,3056,Counter,Thunder Punch,Shadow Ball,7,10,5,75000,--
Lurantis,54.3,754,grass,none,173.9,154.6,157,4222373,50,2711,Fury Cutter,Leaf Blade,Superpower,9,10,3,50000,--
Arcanine,54.2,59,fire,rock,207.6,151.3,194,6090318,50,3556,Snarl,Wild Charge,Rock Slide,4,4,3,50000,Hisuian
Gourgeist,54.2,711,ghost,grass,163,185.7,164,4964855,50,2850,Hex,Shadow Ball,Seed Bomb,5,4,5,75000,Large
Slowbro,54.2,80,poison,psychic,165.5,143.7,194,4614587,50,2764,Poison Jab,Brutal Swing,Surf,5,7,3,50000,Galarian
Durant,54.1,632,bug,steel,194.9,170.6,139,4622401,50,3007,Metal Claw,X-Scissor,Stone Edge,6,8,3,50000,--
Alakazam,54,65,psychic,none,240.3,152.9,135,4961808,50,3456,Psycho Cut,Fire Punch,Shadow Ball,5,7,3,50000,--
Ninetales,54,38,fire,none,154.6,172.3,161,4288114,50,2577,Fire Spin,Weather Ball (Fire),Scorching Sands,4,5,3,50000,Shadow
Aromatisse,53.9,683,fairy,none,158,138.6,202,4424477,50,2647,Charm,Moonblast,Thunderbolt,10,10,3,50000,--
Rapidash,53.9,78,psychic,fairy,186.5,148.7,149,4134103,50,2782,Fairy Wind,Wild Charge,Body Slam,5,4,3,50000,Galarian
Houndstone,53.8,972,ghost,none,168.9,176.5,160,4768745,50,2842,Lick,Shadow Ball,Psychic Fangs,19,12,3,50000,--
Inteleon,53.7,818,water,none,232.8,131.9,157,4821119,50,3351,Water Gun,Surf,Shadow Ball,15,19,3,10000,--
Zoroark,53.6,571,dark,none,222.7,119.3,142,3773039,50,2907,Shadow Claw,Foul Play,Night Shade,6,6,5,75000,--
Tentacruel,53.4,73,water,poison,152.1,188.2,172,4924065,50,2738,Poison Jab,Scald,Sludge Wave,8,10,3,50000,Shadow
Victreebel,53.4,71,grass,poison,186.5,126,172,4044282,50,2748,Magical Leaf,Leaf Blade,Sludge Bomb,4,5,3,50000,--
Golduck,53.3,55,water,none,173.1,148.7,172,4428307,50,2770,Water Gun,Cross Chop,Liquidation,12,15,3,50000,Shadow
Hitmonlee,53.3,106,fighting,none,200.8,164.7,127,4200746,50,2912,Double Kick,Close Combat,Blaze Kick,4,4,5,75000,--
Armaldo,53.1,348,rock,bug,199.2,158.8,164,5187078,50,3220,Fury Cutter,Cross Poison,Rock Blast,9,10,3,50000,Shadow
Cofagrigus,53.1,563,ghost,none,149.6,211.8,139,4402548,50,2570,Shadow Claw,Shadow Ball,Dark Pulse,7,7,3,50000,--
Crustle,53,558,bug,rock,170.6,180.7,157,4838413,50,2874,Fury Cutter,X-Scissor,Rock Slide,10,12,1,10000,Shadow
Sawk,53,539,fighting,none,206.7,141.2,164,4785827,50,3152,Poison Jab,Body Slam,Brick Break,5,6,5,75000,Shadow
Scyther,53,123,bug,flying,195.8,155.5,157,4778549,50,3060,Fury Cutter,Night Slash,X-Scissor,9,10,5,75000,--
Exeggutor,52.7,103,grass,psychic,208.4,137.8,194,5571421,50,3408,Bullet Seed,Seed Bomb,Psychic,4,5,3,50000,Shadow
Kingler,52.7,99,water,none,214.3,164.7,135,4764296,50,3198,Bubble,Crabhammer,X-Scissor,5,4,3,50000,--
Armaldo,52.6,348,rock,bug,199.2,158.8,164,5187078,50,3220,Fury Cutter,Rock Blast,Cross Poison,10,9,3,50000,--
Dragalge,52.6,691,poison,dragon,161.3,186.5,149,4484450,50,2694,Dragon Tail,Aqua Tail,Outrage,4,7,3,50000,--
Golduck,52.6,55,water,none,173.1,148.7,172,4428307,50,2770,Water Gun,Cross Chop,Liquidation,12,15,3,50000,--
Heliolisk,52.3,695,electric,normal,196.6,153.8,145,4384335,50,2939,Volt Switch,Breaking Swipe,Parabolic Charge,3,4,3,50000,--
Toxicroak,52.3,454,poison,fighting,189.9,124.4,176,4156728,50,2813,Poison Jab,Dynamic Punch,Mud Bomb,8,6,3,50000,Shadow
Ninetales,52.2,38,fire,none,154.6,172.3,161,4288114,50,2577,Fire Spin,Weather Ball (Fire),Scorching Sands,4,5,3,50000,--
Stunfisk,52.2,618,ground,electric,133.6,156.3,214,4468817,50,2445,Thunder Shock,Mud Bomb,Discharge,5,5,5,75000,--
Beheeyem,52,606,psychic,none,198.3,149.6,164,4864572,50,3112,Astonish,Rock Slide,Dark Pulse,5,5,3,50000,--
Crustle,51.9,558,bug,rock,170.6,180.7,157,4838413,50,2874,Fury Cutter,X-Scissor,Rock Slide,10,12,1,10000,--
Ferrothorn,51.9,598,grass,steel,145.4,200,163,4738920,50,2624,Bullet Seed,Power Whip,Mirror Shot,4,3,3,75000,--
Greedent,51.9,820,normal,none,147.1,143.7,231,4881068,50,2679,Mud Shot,Body Slam,Crunch,5,6,1,10000,--
Hawlucha,51.9,701,fighting,flying,176.5,141.2,168,4185107,50,2724,Poison Jab,Flying Press,Aerial Ace,6,6,5,75000,--
Crobat,51.8,169,poison,flying,175.6,162.2,178,5069818,50,2992,Air Slash,Cross Poison,Shadow Ball,4,7,1,10000,Shadow
Stunfisk,51.8,618,ground,steel,133.6,156.3,214,4468817,50,2445,Mud Shot,Rock Slide,Earthquake,6,9,5,75000,Galarian
Porygon2,51.7,233,normal,none,179,163.9,178,5220390,50,3065,Lock On,Tri Attack,Zap Cannon,10,16,3,50000,Shadow
Scrafty,51.7,560,dark,fighting,149.6,199.2,149,4438369,50,2581,Counter,Foul Play,Thunder Punch,8,7,3,50000,--
Exploud,51.6,295,normal,none,163,127.7,207,4310071,50,2654,Astonish,Crunch,Disarming Voice,5,5,1,10000,Shadow
Toxicroak,51.5,454,poison,fighting,189.9,124.4,176,4156728,50,2813,Poison Jab,Dynamic Punch,Mud Bomb,8,6,3,50000,--
Exeggutor,51.4,103,grass,psychic,208.4,137.8,194,5571421,50,3408,Bullet Seed,Seed Bomb,Psychic,4,5,3,50000,--
Granbull,51.4,210,fairy,none,190.7,122.7,186,4352717,50,2885,Snarl,Close Combat,Crunch,4,4,3,50000,--
Jolteon,51.4,135,electric,none,207.6,165.5,149,5119390,50,3265,Volt Switch,Discharge,Last Resort,3,4,5,75000,--
Porygon2,51.4,233,normal,none,179,163.9,178,5220390,50,3065,Lock On,Tri Attack,Zap Cannon,10,16,3,50000,--
Bellibolt,51.2,939,electric,none,167.2,151.3,214,5412627,50,3010,Thunder Shock,Discharge,Parabolic Charge,5,6,1,50000,--
Pawmot,51.2,923,electric,fighting,207.6,131.1,157,4271594,50,2978,Spark,Close Combat,Wild Charge,7,7,3,75000,--
Slurpuff,51.2,685,fairy,none,153.8,149.6,174,4002111,50,2486,Fairy Wind,Flamethrower,Play Rough,7,7,3,50000,--
Azelf,51.1,482,psychic,none,239.5,139.5,164,5478549,50,3629,Confusion,Swift,Future Sight,3,6,20,100000,--
Kingdra,51.1,230,water,dragon,175.6,175.6,164,5058307,50,2986,Dragon Breath,Outrage,Octazooka,20,17,3,50000,Shadow
Salazzle,51.1,758,poison,fire,204.2,121.8,154,3831455,50,2802,Incinerate,Poison Fang,Fire Blast,2,4,3,50000,--
Spiritomb,51.1,442,ghost,dark,154.6,179.8,127,3531052,50,2343,Sucker Punch,Shadow Ball,Shadow Sneak,8,7,5,75000,--
Scolipede,51,545,bug,poison,183.2,159.7,142,4153050,50,2766,Poison Jab,X-Scissor,Sludge Bomb,6,8,1,10000,Shadow
Dewgong,50.9,87,water,ice,129.4,161.3,186,3883324,50,2245,Ice Shard,Icy Wind,Drill Run,5,5,3,50000,--
Whiscash,50.9,340,water,ground,139.5,131.1,215,3931334,50,2346,Mud Shot,Mud Bomb,Scald,5,7,1,10000,--
Wyrdeer,50.9,899,normal,psychic,185.7,134.4,205,5118408,50,3089,Confusion,Wild Charge,Stomp,4,4,5,75000,--
Crobat,50.8,169,poison,flying,175.6,162.2,178,5069818,50,2992,Air Slash,Cross Poison,Shadow Ball,4,7,1,10000,--
Whiscash,50.8,340,water,ground,139.5,131.1,215,3931334,50,2346,Mud Shot,Mud Bomb,Scald,5,7,1,10000,Shadow
Ferrothorn,50.7,598,grass,steel,145.4,200,163,4738920,50,2624,Bullet Seed,Power Whip,Mirror Shot,4,3,3,75000,Shadow
Lycanroc,50.7,745,rock,none,195.8,140.3,178,4890589,50,3102,Counter,Stone Edge,Psychic Fangs,10,6,5,50000,Midnight
Slowbro,50.7,80,water,psychic,161.3,163.9,194,5128688,50,2877,Confusion,Surf,Ice Beam,4,5,3,50000,--
Uxie,50.7,480,psychic,none,143.7,239.5,164,5643565,50,2853,Confusion,Swift,Future Sight,3,6,20,100000,--
Bombirdier,50.6,962,flying,dark,179,157.1,157,4415599,50,2812,Wing Attack,Fly,Aerial Ace,7,6,5,75000,--
Clawitzer,50.6,693,water,none,198.3,156.3,158,4897233,50,3124,Water Gun,Crabhammer,Dark Pulse,17,17,3,50000,--
Lunatone,50.6,337,rock,psychic,162.2,141.2,186,4258418,50,2631,Psywave,Rock Slide,Moonblast,12,15,3,50000,--
Amoonguss,50.5,591,grass,poison,142.9,129.4,221,4085363,50,2420,Astonish,Grass Knot,Foul Play,5,5,3,50000,Shadow
Sawk,50.5,539,fighting,none,206.7,141.2,164,4785827,50,3152,Poison Jab,Body Slam,Brick Break,5,6,5,75000,--
Tornadus,50.5,641,flying,none,236.1,150.4,170,6037776,50,3782,Air Slash,Grass Knot,Dark Pulse,6,6,20,100000,Incarnate
Gourgeist,50.4,711,ghost,grass,159.7,191.6,149,4557676,50,2702,Hex,Shadow Ball,Seed Bomb,5,4,5,75000,Average
Magneton,50.4,82,electric,steel,200,154.6,127,3927057,50,2810,Volt Switch,Magnet Bomb,Discharge,3,3,3,50000,Shadow
Ambipom,50.3,424,normal,none,184.9,132.8,164,4025245,50,2733,Astonish,Aerial Ace,Low Sweep,4,4,3,50000,Shadow
Carracosta,50.3,565,water,rock,173.9,178.1,163,5050828,50,2964,Water Gun,Liquidation,Ancient Power,15,15,5,75000,--
Magmar,50.2,126,fire,none,185.7,142,149,3929470,50,2706,Karate Chop,Fire Punch,Scorching Sands,5,6,5,75000,Shadow
Omastar,50.2,139,rock,water,186.5,181.5,157,5315880,50,3150,Mud Shot,Rock Slide,Rock Blast,6,5,5,75000,Shadow
Scolipede,50.2,545,bug,poison,183.2,159.7,142,4153050,50,2766,Poison Jab,X-Scissor,Sludge Bomb,6,8,1,10000,--
Rotom,50.1,479,electric,grass,184,196.6,127,4595497,50,2916,Astonish,Thunderbolt,Ominous Wind,6,5,5,75000,Mow
Turtonator,50.1,776,fire,dragon,151.3,193.3,142,4151045,50,2513,Incinerate,Flamethrower,Overheat,3,3,5,75000,--
Exploud,50,295,normal,none,163,127.7,207,4310071,50,2654,Astonish,Crunch,Disarming Voice,5,5,1,10000,--
Huntail,50,367,water,none,178.1,163,135,3920488,50,2645,Water Gun,Aqua Tail,Crunch,12,15,3,50000,--
Bellossom,49.9,182,grass,none,154.6,168.9,164,4282787,50,2578,Bullet Seed,Leaf Blade,Return,3,6,3,50000,--
Ludicolo,49.9,272,water,grass,158,160.5,172,4361023,50,2626,Bubble,Scald,Ice Beam,5,5,3,50000,--
Tauros,49.9,128,normal,none,179,166.4,164,4883795,50,2962,Tackle,Trailblaze,Horn Attack,15,12,3,50000,--
Blissey,49.8,242,normal,none,121,154.6,429,8026133,50,3117,Zen Headbutt,Wild Charge,Psychic,8,10,5,75000,--
Slowking,49.7,199,poison,psychic,172.3,163.9,194,5475943,50,3072,Confusion,Surf,Shadow Ball,4,5,3,50000,Galarian
Carracosta,49.6,565,water,rock,173.9,178.1,163,5050828,50,2964,Water Gun,Liquidation,Ancient Power,15,15,5,75000,Shadow
Falinks,49.5,870,fighting,none,174.8,155.5,149,4048462,50,2665,Counter,Superpower,Megahorn,7,10,5,75000,--
Hitmontop,49.5,237,fighting,none,158,186.5,127,3742685,50,2438,Counter,Close Combat,Triple Axel,8,8,5,75000,--
Amoonguss,49.4,591,grass,poison,142.9,129.4,221,4085363,50,2420,Astonish,Grass Knot,Foul Play,5,5,3,50000,--
Yanmega,49.3,469,bug,flying,206.7,143.7,180,5346536,50,3330,Wing Attack,Aerial Ace,Ancient Power,6,7,3,50000,--
Slowking,49.2,199,water,psychic,161.3,163.9,194,5128688,50,2877,Confusion,Surf,Scald,4,5,3,50000,--
Hitmontop,49.1,237,fighting,none,158,186.5,127,3742685,50,2438,Counter,Close Combat,Triple Axel,8,8,5,75000,Shadow
Rampardos,49.1,409,rock,none,260.5,104.2,196,5319958,50,3728,Smack Down,Rock Slide,Flamethrower,6,7,5,75000,Shadow
Magmar,49,126,fire,none,185.7,142,149,3929470,50,2706,Karate Chop,Fire Punch,Scorching Sands,5,6,5,75000,--
Rotom,49,479,electric,fire,184,196.6,127,4595497,50,2916,Thunder Shock,Overheat,Thunderbolt,7,7,5,75000,Heat
Rotom,48.9,479,electric,water,184,196.6,127,4595497,50,2916,Astonish,Thunderbolt,Hydro Pump,6,8,5,75000,Wash
Seaking,48.9,119,water,none,159.7,136.1,172,3738228,50,2444,Poison Jab,Drill Run,Icy Wind,7,7,3,50000,--
Solrock,48.9,338,rock,psychic,162.2,141.2,186,4258418,50,2631,Psywave,Rock Slide,Psychic,12,14,3,50000,--
Bellossom,48.8,182,grass,none,154.6,168.9,164,4282787,50,2578,Bullet Seed,Leaf Blade,Dazzling Gleam,3,6,3,50000,Shadow
Hitmonchan,48.8,107,fighting,none,174.8,178.1,127,3954319,50,2636,Counter,Close Combat,Ice Punch,8,7,5,75000,--
Absol,48.7,359,dark,none,219.3,113.4,149,3707057,50,2856,Snarl,Dark Pulse,Megahorn,4,5,5,75000,Shadow
Aerodactyl,48.7,142,rock,flying,198.3,146.2,172,4987219,50,3147,Rock Throw,Rock Slide,Earth Power,9,11,5,75000,--
Aerodactyl,48.7,142,rock,flying,198.3,146.2,172,4987219,50,3147,Rock Throw,Rock Slide,Earth Power,9,11,5,75000,Shadow
Hitmonchan,48.6,107,fighting,none,174.8,178.1,127,3954319,50,2636,Counter,Close Combat,Ice Punch,8,7,5,75000,Shadow
Lanturn,48.6,171,water,electric,135.3,127.7,237,4095308,50,2357,Water Gun,Surf,Thunderbolt,15,19,3,50000,--
Quagsire,48.6,195,water,ground,140.3,132.8,194,3614465,50,2252,Mud Shot,Aqua Tail,Mud Bomb,5,5,3,50000,Shadow
Kabutops,48.5,141,rock,water,197.5,168.9,142,4736102,50,3067,Fury Cutter,Stone Edge,Ancient Power,14,12,5,75000,--
Nidoking,48.5,34,poison,ground,184,143.7,173,4574621,50,2902,Poison Jab,Earth Power,Megahorn,8,8,3,50000,--
Magneton,48.4,82,electric,steel,200,154.6,127,3927057,50,2810,Volt Switch,Magnet Bomb,Discharge,3,3,3,50000,--
Bruxish,48.3,779,water,psychic,187.4,134.4,154,3879844,50,2701,Confusion,Aqua Tail,Psychic Fangs,3,3,3,50000,--
Quagsire,48.3,195,water,ground,140.3,132.8,194,3614465,50,2252,Mud Shot,Aqua Tail,Mud Bomb,5,5,3,50000,--
Clodsire,48.2,980,poison,ground,119.3,139.5,245,4077850,50,2207,Poison Sting,Stone Edge,Earthquake,7,8,3,50000,--
Vileplume,48.2,45,grass,poison,182.3,152.9,164,4573448,50,2893,Razor Leaf,Sludge Bomb,Moonblast,13,15,3,50000,Shadow
Omastar,48,139,rock,water,186.5,181.5,157,5315880,50,3150,Mud Shot,Rock Slide,Rock Blast,6,5,5,75000,--
Slowbro,47.9,80,water,psychic,161.3,163.9,194,5128688,50,2877,Confusion,Surf,Ice Beam,4,5,3,50000,Shadow
Wailord,47.9,321,water,none,159.7,85.7,304,4160027,50,2577,Water Gun,Surf,Scald,15,17,1,10000,--
Furfrou,47.8,676,normal,none,150.4,152.9,164,3772567,50,2387,Sucker Punch,Surf,Dark Pulse,7,8,5,75000,--
Ambipom,47.7,424,normal,none,184.9,132.8,164,4025245,50,2733,Astonish,Aerial Ace,Return,4,7,3,50000,--
Arctibax,47.6,997,dragon,ice,158,120.2,186,3530820,50,2365,Dragon Breath,Avalanche,Dragon Claw,15,12,5,75000,--
Sawsbuck,47.5,586,normal,grass,179,135.3,172,4164882,50,2732,Feint Attack,Wild Charge,Trailblaze,8,8,3,50000,--
Braviary,47.3,628,psychic,flying,191.6,127.7,215,5261210,50,3181,Air Slash,Brave Bird,Fly,7,5,5,75000,Hisuian
Slowking,47.3,199,water,psychic,161.3,163.9,194,5128688,50,2877,Confusion,Surf,Scald,4,5,3,50000,Shadow
Manectric,47.1,310,electric,none,193.3,119.3,157,3620634,50,2646,Snarl,Wild Charge,Psychic Fangs,4,3,3,50000,Shadow
Mantine,47.1,226,water,flying,137,202.5,149,4132945,50,2383,Bubble,Aerial Ace,Water Pulse,4,5,5,75000,--
Mr. Mime,47.1,122,psychic,fairy,173.9,184.9,113,3633626,50,2518,Psywave,Shadow Ball,Psychic,14,14,5,75000,--
Nidoking,47.1,34,poison,ground,184,143.7,173,4574621,50,2902,Poison Jab,Earth Power,Megahorn,8,8,3,50000,Shadow
Toucannon,47.1,733,normal,flying,199.2,135.3,172,4634164,50,3040,Bullet Seed,Drill Peck,Rock Blast,4,4,1,10000,--
Simisage,46.7,512,grass,none,185.7,124.4,164,3787622,50,2657,Vine Whip,Crunch,Grass Knot,6,7,3,50000,--
Claydol,46.6,344,ground,psychic,130.2,205,142,3792090,50,2229,Mud Slap,Scorching Sands,Ice Beam,5,6,3,50000,--
Absol,46.5,359,dark,none,219.3,113.4,149,3707057,50,2856,Snarl,Dark Pulse,Megahorn,4,5,5,75000,--
Rampardos,46.5,409,rock,none,260.5,104.2,196,5319958,50,3728,Smack Down,Rock Slide,Flamethrower,6,7,5,75000,--
Floatzel,46.4,419,water,none,198.3,108.4,178,3826401,50,2762,Waterfall,Liquidation,Swift,6,5,3,50000,--
Skarmory,46.4,227,steel,flying,137,202.5,149,4132945,50,2383,Steel Wing,Brave Bird,Flash Cannon,10,12,5,75000,--
Klinklang,46.3,601,steel,none,179.8,192.4,142,4913674,50,2981,Thunder Shock,Mirror Shot,Zap Cannon,4,9,5,75000,--
Vanilluxe,46.3,584,ice,none,195.8,167.2,158,5172909,50,3190,Astonish,Blizzard,Signal Beam,8,6,3,50000,--
Forretress,46.2,205,bug,steel,147.9,184.9,164,4483818,50,2580,Volt Switch,Mirror Shot,Heavy Slam,3,4,5,75000,Shadow
Wailord,46.2,321,water,none,159.7,85.7,304,4160027,50,2577,Water Gun,Surf,Scald,15,17,1,10000,Shadow
Zebstrika,46.2,523,electric,none,189.9,126.9,164,3951828,50,2745,Spark,Wild Charge,Flame Charge,7,8,3,50000,--
Cradily,45.8,346,rock,grass,140.3,175.6,180,4436127,50,2499,Bullet Seed,Grass Knot,Stone Edge,4,5,3,50000,--
Deoxys,45.8,386,psychic,none,133.6,289.9,127,4919134,50,2570,Counter,Psycho Boost,Rock Slide,6,8,20,100000,Defense
Forretress,45.8,205,bug,steel,147.9,184.9,164,4483818,50,2580,Volt Switch,Mirror Shot,Heavy Slam,3,4,5,75000,--
Heatmor,45.8,631,fire,none,184,121,178,3963651,50,2708,Fire Spin,Flamethrower,Thunder Punch,6,4,3,50000,--
Glalie,45.6,362,ice,none,148.7,148.7,172,3804904,50,2380,Ice Shard,Avalanche,Shadow Ball,5,6,3,50000,Shadow
Glalie,45.5,362,ice,none,148.7,148.7,172,3804904,50,2380,Ice Shard,Avalanche,Shadow Ball,5,6,3,50000,--
Lopunny,45.5,428,normal,none,143.7,175.6,149,3760083,50,2328,Double Kick,Triple Axel,Fire Punch,4,4,3,50000,--
Regieleki,45.4,894,electric,none,222.7,117.6,172,4505792,50,3169,Lock On,Thunder,Hyper Beam,12,16,20,100000,--
Skarmory,45.4,227,steel,flying,137,202.5,149,4132945,50,2383,Steel Wing,Brave Bird,Flash Cannon,10,12,5,75000,Shadow
Cradily,45.3,346,rock,grass,140.3,175.6,180,4436127,50,2499,Bullet Seed,Grass Knot,Stone Edge,4,5,3,50000,Shadow
Gourgeist,45.2,711,ghost,grass,156.3,196.6,135,4148884,50,2549,Hex,Shadow Ball,Seed Bomb,5,4,5,75000,Small
Kecleon,45.2,352,normal,none,147.9,171.4,142,3599979,50,2314,Sucker Punch,Aerial Ace,Foul Play,6,7,5,75000,--
Probopass,45.1,476,rock,steel,126,243.7,142,4361605,50,2351,Rock Throw,Rock Slide,Magnet Bomb,9,9,3,50000,Shadow
Simisear,45.1,514,fire,none,185.7,124.4,164,3787622,50,2657,Fire Spin,Crunch,Flamethrower,5,6,3,50000,--
Vileplume,45.1,45,grass,poison,182.3,152.9,164,4573448,50,2893,Razor Leaf,Sludge Bomb,Moonblast,13,15,3,50000,--
Chimecho,45,358,psychic,none,159.7,155.5,164,4070408,50,2554,Astonish,Psyshock,Shadow Ball,5,6,5,75000,--
Pidgeot,44.9,18,normal,flying,152.1,142,176,3801427,50,2407,Gust,Brave Bird,Aerial Ace,5,4,1,10000,--
Komala,44.7,775,normal,none,194.1,151.3,149,4374612,50,2919,Rollout,Payback,Play Rough,5,5,3,50000,--
Zebstrika,44.6,523,electric,none,189.9,126.9,164,3951828,50,2745,Spark,Wild Charge,Flame Charge,7,8,3,50000,Shadow
Carnivine,44.4,455,grass,none,169.7,126.9,163,3510627,50,2441,Vine Whip,Crunch,Power Whip,6,7,5,75000,--
Pelipper,44.4,279,water,flying,159.7,158.8,142,3600580,50,2404,Wing Attack,Weather Ball (Water),Hurricane,5,10,3,50000,--
Pidgeot,44.3,18,normal,flying,152.1,142,176,3801427,50,2407,Gust,Brave Bird,Aerial Ace,5,4,1,10000,Shadow
Probopass,44.3,476,rock,steel,126,243.7,142,4361605,50,2351,Rock Throw,Rock Slide,Magnet Bomb,9,9,3,50000,--
Simipour,44.1,516,water,none,185.7,124.4,164,3787622,50,2657,Water Gun,Surf,Crunch,15,15,3,50000,--
Altaria,44,334,dragon,flying,131.1,181.5,164,3902033,50,2266,Dragon Breath,Sky Attack,Moonblast,19,20,1,10000,--
Noctowl,44,164,normal,flying,134.4,143.7,201,3883121,50,2288,Wing Attack,Night Shade,Sky Attack,7,8,1,10000,--
Tangela,44,114,grass,none,166.4,154.6,149,3832993,50,2530,Vine Whip,Grass Knot,Sludge Bomb,7,7,3,50000,--
Starmie,43.9,121,water,psychic,189.1,167.2,142,4489445,50,2922,Quick Attack,Power Gem,Ice Beam,7,7,3,50000,--
Raichu,43.8,26,electric,psychic,181.5,142,142,3660139,50,2585,Volt Switch,Wild Charge,Thunder Punch,3,3,1,10000,Alolan
Rotom,43.8,479,electric,ice,184,196.6,127,4595497,50,2916,Thunder Shock,Thunderbolt,Blizzard,7,9,5,75000,Frost
Manectric,43.7,310,electric,none,193.3,119.3,157,3620634,50,2646,Snarl,Wild Charge,Psychic Fangs,4,3,3,50000,--
Gurdurr,43.6,533,fighting,none,163.9,125.2,178,3651822,50,2452,Poison Jab,Brick Break,Stone Edge,6,8,5,75000,Shadow
Tangela,43.5,114,grass,none,166.4,154.6,149,3832993,50,2530,Vine Whip,Grass Knot,Sludge Bomb,7,7,3,50000,Shadow
Tropius,43.5,357,grass,flying,126.9,149.6,199,3776755,50,2194,Air Slash,Leaf Blade,Brutal Swing,4,4,5,75000,--
Alomomola,43.1,594,water,none,128.6,122.7,296,4668794,50,2452,Waterfall,Hydro Pump,Blizzard,10,10,5,75000,--
Bronzong,43.1,437,steel,psychic,147.9,191.6,152,4306851,50,2531,Confusion,Psyshock,Payback,4,5,3,50000,--
Dubwool,43,832,normal,none,146.2,179,160,4187141,50,2478,Double Kick,Wild Charge,Body Slam,4,3,3,10000,--
Zygarde,43,718,dragon,ground,184.9,158,133,3884194,50,2685,Dragon Tail,Crunch,Outrage,5,7,20,100000,10% Forme
Pheromosa,42.9,795,bug,fighting,278.1,84,158,3692783,50,3213,Bug Bite,Close Combat,Lunge,15,15,20,100000,--
Torkoal,42.6,324,fire,none,139.5,183.2,157,4011742,50,2366,Fire Spin,Overheat,Earthquake,6,7,3,50000,--
Slaking,42.5,289,normal,none,256.3,152.1,251,9784100,50,5010,Yawn,Body Slam,Earthquake,3,6,5,75000,--
Sudowoodo,41.9,185,rock,none,152.9,160.5,157,3853658,50,2428,Counter,Meteor Beam,Trailblaze,10,8,5,75000,--
Electabuzz,41.8,125,electric,none,179,145.4,149,3876865,50,2639,Thunder Shock,Thunder Punch,Thunderbolt,5,7,5,75000,Shadow
Masquerain,41.6,284,bug,flying,173.9,138.6,157,3786367,50,2567,Infestation,Lunge,Air Cutter,4,5,1,10000,--
Vespiquen,41.6,416,bug,flying,137.8,172.3,157,3727058,50,2267,Poison Sting,X-Scissor,Power Gem,5,6,3,50000,--
Electrode,41.5,101,electric,grass,160.5,160.5,142,3657833,50,2430,Thunder Shock,Wild Charge,Swift,5,4,3,50000,Hisuian
Gurdurr,41.4,533,fighting,none,163.9,125.2,178,3651822,50,2452,Poison Jab,Brick Break,Stone Edge,6,8,5,75000,--
Dodrio,41,85,normal,flying,195.8,130.2,142,3621135,50,2670,Steel Wing,Brave Bird,Drill Peck,10,7,3,50000,--
Comfey,40.6,764,fairy,none,151.3,193.3,129,3771020,50,2392,Vine Whip,Grass Knot,Draining Kiss,7,7,3,50000,--
Musharna,40.3,518,psychic,none,166.4,152.1,225,5693706,50,3079,Charge Beam,Psyshock,Dazzling Gleam,5,7,3,50000,--
Gothitelle,40.2,576,psychic,none,160.5,184.9,157,4658268,50,2735,Confusion,Rock Slide,Future Sight,4,6,3,50000,--
Lairon,40.1,305,steel,rock,145.4,179,142,3694731,50,2324,Metal Claw,Rock Slide,Body Slam,7,5,1,10000,Shadow
Sudowoodo,40.1,185,rock,none,152.9,160.5,157,3853658,50,2428,Counter,Meteor Beam,Trailblaze,10,8,5,75000,Shadow
Swalot,39.9,317,poison,none,130.2,146.2,201,3827769,50,2236,Mud Shot,Sludge Bomb,Ice Beam,7,7,1,10000,--
Electrode,39.8,101,electric,none,158,158,142,3543829,50,2373,Volt Switch,Discharge,Foul Play,3,3,3,50000,Shadow
Electrode,39.3,101,electric,none,158,158,142,3543829,50,2373,Volt Switch,Discharge,Foul Play,3,3,3,50000,--
Cinccino,39.2,573,normal,none,179,121.8,164,3576516,50,2535,Charm,Aqua Tail,Thunderbolt,6,10,3,50000,--
Gothitelle,39.2,576,psychic,none,160.5,184.9,157,4658268,50,2735,Confusion,Rock Slide,Future Sight,4,6,3,50000,Shadow
Noivern,39.2,715,flying,dragon,184.9,159.7,178,5253697,50,3125,Air Slash,Hurricane,Draco Meteor,8,8,5,75000,--
Throh,39,538,fighting,none,157.1,147.1,231,5337777,50,2896,Low Kick,Body Slam,Brick Break,7,8,5,75000,Shadow
Reuniclus,38.9,579,psychic,none,192.4,137,215,5666701,50,3309,Hidden Power (Psychic),Shadow Ball,Future Sight,7,9,3,50000,--
Hypno,38.8,97,psychic,none,133.6,174.8,178,4156705,50,2363,Confusion,Psyshock,Ice Punch,4,4,3,50000,Shadow
Electabuzz,38.5,125,electric,none,179,145.4,149,3876865,50,2639,Thunder Shock,Thunder Punch,Return,5,8,5,75000,--
Throh,38.5,538,fighting,none,157.1,147.1,231,5337777,50,2896,Low Kick,Body Slam,Brick Break,7,8,5,75000,--
Unfezant,38.5,521,normal,flying,202.5,135.3,172,4712378,50,3091,Air Slash,Sky Attack,Return,7,8,1,10000,--
Hypno,38.4,97,psychic,none,133.6,174.8,178,4156705,50,2363,Confusion,Psyshock,Ice Punch,4,4,3,50000,--
Weezing,38.4,110,poison,none,158.8,178.1,149,4215535,50,2592,Infestation,Sludge Bomb,Shadow Ball,5,5,3,50000,--
Jynx,38.3,124,ice,psychic,200,139.5,149,4156618,50,2888,Confusion,Avalanche,Ice Punch,4,4,5,75000,--
Oricorio,38.2,741,electric,flying,177.3,134.4,164,3909444,50,2638,Air Slash,Aerial Ace,Hurricane,5,8,3,75000,Pom-Pom
Shaymin,38.2,492,grass,none,189.1,189.1,201,7185051,50,3691,Zen Headbutt,Grass Knot,Seed Flare,9,13,20,100000,Land
Meowstic,38.1,678,psychic,none,152.1,152.9,163,3791459,50,2401,Sucker Punch,Psychic,Thunderbolt,8,8,3,50000,Male
Oricorio,38.1,741,fire,flying,177.3,134.4,164,3909444,50,2638,Air Slash,Aerial Ace,Hurricane,5,8,3,75000,Baile
Gorebyss,37.8,368,water,none,189.9,163,135,4179388,50,2820,Water Gun,Water Pulse,Psychic,19,19,3,50000,--
Octillery,37.7,224,water,none,178.1,131.1,164,3829773,50,2617,Lock On,Water Pulse,Octazooka,11,10,1,10000,--
Unfezant,37.5,521,normal,flying,202.5,135.3,172,4712378,50,3091,Air Slash,Sky Attack,Hyper Beam,7,9,1,10000,Shadow
Accelgor,37.4,617,bug,none,197.5,113.4,172,3852998,50,2760,Water Shuriken,Bug Buzz,Signal Beam,5,4,3,50000,Shadow
Deoxys,37.4,386,psychic,none,205.9,195.8,127,5119110,50,3255,Charge Beam,Psycho Boost,Swift,4,4,20,100000,Speed
Lairon,37.4,305,steel,rock,145.4,179,142,3694731,50,2324,Metal Claw,Rock Slide,Body Slam,7,5,1,10000,--
Oricorio,37.1,741,ghost,flying,177.3,134.4,164,3909444,50,2638,Air Slash,Aerial Ace,Hurricane,5,8,3,75000,Sensu
Maractus,37,556,grass,none,181.5,121.8,164,3626890,50,2571,Bullet Seed,Aerial Ace,Petal Blizzard,4,5,1,10000,--
Reuniclus,37,579,psychic,none,192.4,137,215,5666701,50,3309,Hidden Power (Psychic),Shadow Ball,Future Sight,7,9,3,50000,Shadow
Accelgor,36.6,617,bug,none,197.5,113.4,172,3852998,50,2760,Water Shuriken,Bug Buzz,Signal Beam,5,4,3,50000,--
Weezing,36.6,110,poison,none,158.8,178.1,149,4215535,50,2592,Infestation,Sludge Bomb,Shadow Ball,5,5,3,50000,Shadow
Sigilyph,36.2,561,psychic,flying,184,152.9,160,4503024,50,2883,Air Slash,Ancient Power,Signal Beam,5,7,5,75000,--
Oricorio,36.1,741,psychic,flying,177.3,134.4,164,3909444,50,2638,Air Slash,Aerial Ace,Hurricane,5,8,3,75000,Pa'u
Deoxys,36,386,psychic,none,302.5,109.2,127,4196801,50,3573,Charge Beam,Psycho Boost,Thunderbolt,4,5,20,100000,--
Grumpig,35.7,326,psychic,none,156.3,170.6,172,4585706,50,2679,Extrasensory,Shadow Ball,Psychic,6,6,1,10000,--
Lilligant,35.7,549,grass,none,192.4,142.9,157,4315716,50,2883,Magical Leaf,Petal Blizzard,Hyper Beam,7,8,1,10000,--
Garbodor,34.8,569,poison,none,164.7,150.4,172,4260949,50,2651,Infestation,Body Slam,Seed Bomb,3,4,3,50000,--
Munchlax,34.8,446,normal,none,127.7,110.9,252,3570153,50,2139,Tackle,Body Slam,Bulldoze,12,20,5,10000,--
Xatu,33.4,178,psychic,flying,173.9,135.3,149,3506318,50,2474,Air Slash,Aerial Ace,Future Sight,5,8,3,50000,Shadow
Grumpig,33.1,326,psychic,none,156.3,170.6,172,4585706,50,2679,Extrasensory,Shadow Ball,Psychic,6,6,1,10000,Shadow
Araquanid,33,752,water,bug,118.5,196.6,154,3587769,50,2065,Infestation,Bug Buzz,Water Pulse,5,5,3,50000,--
Xatu,32.9,178,psychic,flying,173.9,135.3,149,3506318,50,2474,Air Slash,Aerial Ace,Future Sight,5,8,3,50000,--
Sliggoo,32.7,705,dragon,none,146.2,160.5,154,3613866,50,2303,Water Gun,Muddy Water,Dragon Pulse,12,20,5,75000,--
Meowstic,31.8,678,psychic,none,152.1,152.9,163,3791459,50,2401,Confusion,Shadow Ball,Psychic,5,5,3,50000,Female
