Pokemon,Score,Dex,Type 1,Type 2,Attack,Defense,Stamina,Stat Product,Level,CP,Fast Move,Charged Move 1,Charged Move 2,Charged Move 1 Count,Charged Move 2 Count,Buddy Distance,Charged Move Cost,Property,Traditional Chinese
Feraligatr,95.7,160,water,none,159.8,150.6,162,3898223,35.5,2496,Shadow Claw,Hydro Cannon,Ice Beam,5,7,3,10000,Shadow,大力鱷
Clefable,94.2,36,fairy,none,151.1,143.6,190,4124214,48.0,2497,Fairy Wind,Swift,Moonblast,4,7,1,10000,--,皮可西
Primeape,93.9,57,fighting,none,182.4,125.8,148,3394440,48.5,2490,Karate Chop,Rage Fist,Close Combat,4,5,3,50000,--,火爆猴
Gastrodon,93.7,423,water,ground,150.2,129.6,213,4145475,47.0,2499,Mud Slap,Body Slam,Earth Power,4,6,3,50000,--,海兔獸
Zygarde,93.6,718,dragon,ground,128.9,142.0,264,4833523,24.0,2498,Dragon Tail,Crunch,Earthquake,5,8,20,100000,Complete Forme,基格爾德
Giratina,92.7,487,ghost,dragon,133.8,165.3,209,4623396,27.5,2489,Shadow Claw,Dragon Claw,Shadow Sneak,5,6,20,100000,Altered,騎拉帝納
Feraligatr,92.5,160,water,none,159.8,150.6,162,3898223,35.5,2496,Shadow Claw,Hydro Cannon,Ice Beam,5,7,3,10000,--,大力鱷
Registeel,92.3,379,steel,none,122.8,242.2,171,5086235,49.0,2500,Lock On,Focus Blast,Zap Cannon,15,16,20,100000,--,雷吉斯奇魯
Cobalion,91.9,638,steel,fighting,146.2,179.3,163,4272667,30.5,2500,Double Kick,Sacred Sword,Stone Edge,3,5,20,100000,--,勾帕路翁
Weezing,91.9,110,poison,fairy,154.9,175.7,147,4001272,48.5,2493,Fairy Wind,Brutal Swing,Play Rough,4,7,3,50000,Galarian,雙彈瓦斯
Weezing,91.6,110,poison,fairy,154.9,175.7,147,4001272,48.5,2493,Fairy Wind,Brutal Swing,Play Rough,4,7,3,50000,Galarian,雙彈瓦斯
Steelix,91.3,208,steel,ground,127.0,237.5,162,4887002,48.0,2497,Dragon Tail,Psychic Fangs,Crunch,4,5,5,75000,--,大鋼蛇
Drapion,91.2,452,poison,dark,152.7,177.4,151,4090824,47.0,2499,Poison Sting,Crunch,Aqua Tail,5,4,5,75000,--,龍王蠍
Florges,91.0,671,fairy,none,155.5,180.4,143,4011420,28.5,2500,Fairy Wind,Disarming Voice,Moonblast,5,7,3,50000,--,花潔夫人
Regirock,91.0,377,rock,none,133.9,237.1,146,4634630,30.0,2494,Lock On,Stone Edge,Focus Blast,11,15,20,100000,--,雷吉洛克
Steelix,90.7,208,steel,ground,127.0,237.5,162,4887002,48.0,2497,Dragon Tail,Psychic Fangs,Crunch,4,5,5,75000,Shadow,大鋼蛇
Cresselia,90.4,488,psychic,none,120.0,207.9,208,5191239,35.5,2500,Psycho Cut,Grass Knot,Moonblast,6,7,20,100000,--,克雷色利亞
Lickilicky,90.4,463,normal,none,136.6,159.8,209,4560814,47.5,2498,Rollout,Body Slam,Shadow Ball,3,5,3,50000,--,大舌舔
Moltres,90.3,146,dark,flying,149.5,172.7,161,4155616,29.5,2492,Sucker Punch,Ancient Power,Brave Bird,7,8,20,100000,Galarian,火焰鳥
Primeape,90.3,57,fighting,none,182.4,125.8,148,3394440,48.5,2490,Karate Chop,Rage Fist,Close Combat,4,5,3,50000,Shadow,火爆猴
Drapion,90.2,452,poison,dark,152.7,177.4,151,4090824,47.0,2499,Poison Sting,Aqua Tail,Crunch,4,5,5,75000,Shadow,龍王蠍
Virizion,90.1,640,grass,fighting,146.2,179.3,163,4272667,30.5,2500,Double Kick,Leaf Blade,Sacred Sword,3,3,20,100000,--,畢力吉翁
Malamar,90.0,687,dark,psychic,152.9,150.4,177,4071612,50.0,2497,Psywave,Superpower,Foul Play,10,12,3,50000,--,烏賊王
Dusknoir,89.9,477,ghost,none,153.2,223.2,118,4035710,48.5,2489,Astonish,Shadow Punch,Shadow Ball,4,6,3,50000,Shadow,黑夜魔靈
Annihilape,89.7,979,fighting,ghost,159.7,137.6,177,3891918,28.5,2497,Counter,Rage Fist,Close Combat,6,8,3,50000,--,棄世猴
Mandibuzz,89.7,630,dark,flying,121.0,184.9,215,4809416,50.0,2417,Snarl,Dark Pulse,Aerial Ace,4,4,5,75000,--,禿鷹娜
Aurorus,89.5,699,rock,ice,147.1,134.8,214,4244259,36.5,2499,Powder Snow,Weather Ball (Ice),Meteor Beam,5,8,5,75000,--,冰雪巨龍
Regirock,89.5,377,rock,none,133.9,237.1,146,4634630,30.0,2494,Lock On,Stone Edge,Focus Blast,11,15,20,100000,Shadow,雷吉洛克
Tentacruel,89.5,73,water,poison,141.2,185.2,168,4390693,48.0,2493,Poison Jab,Scald,Blizzard,8,11,3,50000,--,毒刺水母
Dusknoir,89.4,477,ghost,none,153.2,223.2,118,4035710,48.5,2489,Astonish,Shadow Ball,Shadow Punch,6,4,3,50000,--,黑夜魔靈
Swampert,88.6,260,water,ground,158.5,140.7,176,3927038,31.5,2497,Mud Shot,Hydro Cannon,Earthquake,5,9,3,10000,--,巨沼怪
Tapu Fini,88.6,788,water,fairy,148.1,201.8,141,4214757,36.0,2500,Water Gun,Surf,Nature's Madness,15,17,20,100000,--,卡璞・鰭鰭
Cresselia,88.4,488,psychic,none,120.0,207.9,208,5191239,35.5,2500,Psycho Cut,Grass Knot,Moonblast,6,7,20,100000,Shadow,克雷色利亞
Pangoro,88.4,675,fighting,dark,172.4,120.7,172,3580370,33.0,2488,Karate Chop,Close Combat,Night Slash,5,4,3,50000,--,流氓熊貓
Drifblim,88.1,426,ghost,flying,154.5,96.1,272,4037602,49.0,2499,Astonish,Icy Wind,Shadow Ball,5,6,5,75000,--,隨風球
Nidoqueen,88.1,31,poison,ground,151.8,152.6,178,4121450,46.0,2500,Poison Jab,Poison Fang,Earth Power,6,8,3,50000,--,尼多后
Talonflame,88.0,663,fire,flying,160.5,142.9,168,3851770,50.0,2493,Incinerate,Fly,Flame Charge,3,3,1,10000,--,烈箭鷹
Dragalge,87.9,691,poison,dragon,150.7,184.9,147,4096701,48.5,2488,Dragon Tail,Aqua Tail,Outrage,4,7,3,50000,--,毒藻龍
Skeledirge,87.9,911,fire,ghost,157.0,140.7,180,3978753,31.5,2499,Incinerate,Shadow Ball,Disarming Voice,3,3,3,10000,--,骨紋巨聲鱷
Annihilape,87.8,979,fighting,ghost,159.7,137.6,177,3891918,28.5,2497,Counter,Rage Fist,Close Combat,6,8,3,50000,Shadow,棄世猴
Guzzlord,87.7,799,dark,dragon,146.2,86.1,339,4265717,35.0,2499,Dragon Tail,Brutal Swing,Sludge Bomb,4,6,20,100000,--,惡食大王
Machamp,87.7,68,fighting,none,174.1,126.6,161,3549074,30.0,2491,Karate Chop,Cross Chop,Stone Edge,4,7,3,50000,Shadow,怪力
Skuntank,87.7,435,poison,dark,157.5,122.3,204,3930298,49.5,2490,Poison Jab,Crunch,Trailblaze,7,7,3,50000,Shadow,坦克臭鼬
Miltank,87.6,241,normal,none,136.1,173.1,193,4547873,50.0,2489,Rollout,Body Slam,Ice Beam,3,5,5,75000,--,大奶罐
Swampert,87.6,260,water,ground,158.5,140.7,176,3927038,31.5,2497,Mud Shot,Hydro Cannon,Earthquake,5,9,3,10000,Shadow,巨沼怪
Walrein,87.5,365,ice,water,146.4,148.0,197,4269506,38.0,2500,Powder Snow,Icicle Spear,Earthquake,5,9,3,50000,Shadow,帝牙海獅
Drifblim,87.4,426,ghost,flying,154.5,96.1,272,4037602,49.0,2499,Astonish,Icy Wind,Shadow Ball,5,6,5,75000,Shadow,隨風球
Nidoqueen,87.3,31,poison,ground,151.8,152.6,178,4121450,46.0,2500,Poison Jab,Poison Fang,Earth Power,6,8,3,50000,Shadow,尼多后
Stunfisk,87.2,618,ground,steel,133.6,156.3,214,4468817,50.0,2445,Mud Shot,Rock Slide,Earthquake,6,9,5,75000,Galarian,泥巴魚
Clodsire,87.1,980,poison,ground,119.3,139.5,245,4077850,50.0,2207,Poison Sting,Stone Edge,Earthquake,7,8,3,50000,--,土王
Kommo-o,87.0,784,dragon,fighting,160.4,176.5,137,3879949,27.5,2497,Dragon Tail,Close Combat,Dragon Claw,5,4,5,75000,--,杖尾鱗甲龍
Sandslash,87.0,28,ice,steel,150.3,174.4,158,4140235,48.0,2499,Shadow Claw,Ice Punch,Drill Run,5,6,3,50000,Alolan,穿山王
Walrein,86.9,365,ice,water,146.4,148.0,197,4269506,38.0,2500,Powder Snow,Icicle Spear,Earthquake,5,9,3,50000,--,帝牙海獅
Hippowdon,86.8,450,ground,none,150.6,150.6,182,4129027,30.5,2500,Sand Attack,Weather Ball (Rock),Scorching Sands,9,13,3,50000,--,河馬獸
Tentacruel,86.7,73,water,poison,141.2,185.2,168,4390693,48.0,2493,Poison Jab,Scald,Blizzard,8,11,3,50000,Shadow,毒刺水母
Blastoise,86.6,9,water,none,144.4,182.1,164,4311763,46.0,2495,Water Gun,Hydro Cannon,Ice Beam,14,19,3,10000,--,水箭龜
Poliwrath,86.6,62,water,fighting,149.3,157.3,177,4158735,42.5,2494,Counter,Icy Wind,Scald,8,9,3,50000,--,蚊香泳士
Hippowdon,86.4,450,ground,none,150.6,150.6,182,4129027,30.5,2500,Sand Attack,Weather Ball (Rock),Scorching Sands,9,13,3,50000,Shadow,河馬獸
Registeel,86.4,379,steel,none,122.8,242.2,171,5086235,49.0,2500,Lock On,Focus Blast,Zap Cannon,15,16,20,100000,Shadow,雷吉斯奇魯
Sandslash,86.3,28,ice,steel,150.3,174.4,158,4140235,48.0,2499,Shadow Claw,Ice Punch,Drill Run,5,6,3,50000,Alolan,穿山王
Ninetales,86.2,38,fire,none,151.6,170.1,159,4100684,49.5,2495,Fire Spin,Weather Ball (Fire),Overheat,4,6,3,50000,--,九尾
Skuntank,86.2,435,poison,dark,157.5,122.3,204,3930298,49.5,2490,Poison Jab,Crunch,Trailblaze,7,7,3,50000,--,坦克臭鼬
Golurk,86.1,623,ground,ghost,172.1,127.9,164,3611388,35.0,2496,Mud Slap,Shadow Punch,Dynamic Punch,4,5,5,75000,Shadow,泥偶巨人
Runerigus,86.0,867,ground,ghost,146.2,209.7,138,4229372,49.0,2492,Shadow Claw,Brutal Swing,Shadow Ball,5,7,3,50000,--,死神板
Machamp,85.7,68,fighting,none,174.1,126.6,161,3549074,30.0,2491,Karate Chop,Cross Chop,Stone Edge,4,7,3,50000,--,怪力
Gengar,85.6,94,ghost,poison,200.3,120.9,128,3099260,34.0,2495,Shadow Claw,Shadow Punch,Sludge Bomb,5,7,3,50000,Shadow,耿鬼
Goodra,85.6,706,dragon,none,154.6,173.7,150,4028671,26.0,2500,Dragon Breath,Aqua Tail,Power Whip,12,17,5,75000,--,黏美龍
Sneasler,85.6,903,fighting,poison,189.0,121.2,144,3299456,28.5,2497,Shadow Claw,Close Combat,Aerial Ace,6,5,5,75000,Shadow,大狃拉
Venusaur,85.4,3,grass,poison,158.5,155.4,160,3939799,39.0,2499,Vine Whip,Frenzy Plant,Sludge Bomb,6,7,3,10000,Shadow,妙蛙花
Abomasnow,85.3,460,grass,ice,152.9,143.7,185,4062901,49.0,2495,Powder Snow,Icy Wind,Energy Ball,6,7,3,50000,--,暴雪王
Golurk,85.0,623,ground,ghost,172.1,127.9,164,3611388,35.0,2496,Mud Slap,Shadow Punch,Dynamic Punch,4,5,5,75000,--,泥偶巨人
Dragonite,84.9,149,dragon,flying,176.0,138.1,145,3524817,24.0,2499,Dragon Breath,Dragon Claw,Superpower,12,14,5,75000,Shadow,快龍
Regice,84.9,378,ice,none,133.9,237.1,146,4634630,30.0,2494,Lock On,Thunder,Blizzard,12,15,20,100000,--,雷吉艾斯
Trevenant,84.8,709,ghost,grass,165.7,133.7,170,3763929,42.0,2500,Shadow Claw,Shadow Ball,Seed Bomb,7,6,5,75000,--,朽木妖
Venusaur,84.8,3,grass,poison,158.5,155.4,160,3939799,39.0,2499,Vine Whip,Frenzy Plant,Sludge Bomb,6,7,3,10000,--,妙蛙花
Decidueye,84.6,724,grass,ghost,165.5,148.5,153,3758157,37.0,2494,Astonish,Frenzy Plant,Spirit Shackle,5,4,3,10000,--,狙射樹梟
Ninetales,84.5,38,ice,fairy,151.5,171.4,158,4101411,47.5,2500,Powder Snow,Weather Ball (Ice),Dazzling Gleam,5,9,3,50000,Alolan,九尾
Oranguru,84.3,765,normal,psychic,142.0,170.0,181,4368154,47.0,2494,Confusion,Brutal Swing,Trailblaze,3,4,3,75000,--,智揮猩
Ferrothorn,84.2,598,grass,steel,141.2,195.1,160,4406632,48.0,2495,Bullet Seed,Power Whip,Flash Cannon,4,6,3,75000,--,堅果啞鈴
Meganium,84.2,154,grass,none,144.1,179.1,168,4333903,48.5,2500,Vine Whip,Frenzy Plant,Earthquake,6,9,3,10000,Shadow,大竺葵
Ninetales,84.2,38,ice,fairy,151.5,171.4,158,4101411,47.5,2500,Powder Snow,Weather Ball (Ice),Dazzling Gleam,5,9,3,50000,Alolan,九尾
Rapidash,84.2,78,fire,none,173.6,141.5,146,3587206,46.5,2499,Incinerate,Wild Charge,Flame Charge,3,3,3,50000,--,烈焰馬
Turtonator,84.2,776,fire,dragon,150.4,192.4,142,4110036,50.0,2486,Incinerate,Dragon Pulse,Overheat,3,3,5,75000,--,爆焰龜獸
Ho-Oh,84.1,250,fire,flying,158.0,167.1,148,3907144,23.5,2487,Incinerate,Brave Bird,Sacred Fire,3,4,20,100000,--,鳳王
Meganium,84.1,154,grass,none,144.1,179.1,168,4333903,48.5,2500,Vine Whip,Frenzy Plant,Earthquake,6,9,3,10000,--,大竺葵
Ferrothorn,84.0,598,grass,steel,141.2,195.1,160,4406632,48.0,2495,Bullet Seed,Power Whip,Flash Cannon,4,6,3,75000,Shadow,堅果啞鈴
Ninetales,84.0,38,fire,none,151.6,170.1,159,4100684,49.5,2495,Fire Spin,Weather Ball (Fire),Overheat,4,6,3,50000,Shadow,九尾
Greninja,83.8,658,water,dark,179.7,129.5,149,3466117,39.0,2496,Water Shuriken,Hydro Cannon,Night Slash,3,3,3,10000,--,甲賀忍蛙
Stunfisk,83.8,618,ground,electric,133.6,156.3,214,4468817,50.0,2445,Thunder Shock,Mud Bomb,Discharge,5,5,5,75000,--,泥巴魚
Umbreon,83.8,197,dark,none,118.5,214.3,194,4925267,50.0,2416,Snarl,Foul Play,Last Resort,4,5,5,75000,--,月亮伊布
Mewtwo,83.6,150,psychic,none,135.0,208.2,164,4608972,29.5,2499,Confusion,Psystrike,Dynamic Punch,4,5,20,100000,Armored,超夢
Ursaring,83.6,217,normal,none,180.7,118.9,161,3459168,33.5,2500,Shadow Claw,Swift,Close Combat,5,6,3,50000,Shadow,圈圈熊
Forretress,83.5,205,bug,steel,145.4,182.3,162,4294273,50.0,2499,Volt Switch,Earthquake,Mirror Shot,5,3,5,75000,--,佛烈托斯
Gallade,83.5,475,psychic,fighting,177.0,149.5,133,3519444,29.5,2500,Psycho Cut,Close Combat,Leaf Blade,5,4,5,75000,Shadow,艾路雷朵
Giratina,83.5,487,ghost,dragon,153.0,134.3,197,4045432,25.0,2487,Shadow Claw,Shadow Ball,Dragon Pulse,7,8,20,100000,Origin,騎拉帝納
Serperior,83.5,497,grass,none,144.9,182.6,162,4288468,49.5,2497,Vine Whip,Frenzy Plant,Aerial Ace,6,5,3,10000,--,君主蛇
Sneasler,83.4,903,fighting,poison,189.0,121.2,144,3299456,28.5,2497,Shadow Claw,Close Combat,Aerial Ace,6,5,5,75000,--,大狃拉
Abomasnow,83.3,460,grass,ice,152.9,143.7,185,4062901,49.0,2495,Powder Snow,Icy Wind,Energy Ball,6,7,3,50000,Shadow,暴雪王
Cofagrigus,83.2,563,ghost,none,146.2,209.7,138,4229372,49.0,2492,Shadow Claw,Shadow Ball,Dark Pulse,7,7,3,50000,--,死神棺
Donphan,83.2,232,ground,none,161.5,145.2,164,3845399,31.5,2495,Mud Slap,Body Slam,Trailblaze,4,5,3,50000,Shadow,頓甲
Salazzle,83.0,758,poison,fire,190.3,118.9,145,3282233,46.0,2500,Incinerate,Poison Fang,Dragon Pulse,2,3,3,50000,--,焰后蜥
Articuno,82.9,144,ice,flying,144.6,184.4,161,4294013,31.0,2496,Ice Shard,Icy Wind,Ancient Power,5,5,20,100000,--,急凍鳥
Blastoise,82.9,9,water,none,144.4,182.1,164,4311763,46.0,2495,Water Gun,Hydro Cannon,Ice Beam,14,19,3,10000,Shadow,水箭龜
Dragapult,82.9,887,dragon,ghost,185.3,125.3,145,3367125,26.0,2498,Astonish,Breaking Swipe,Shadow Ball,4,6,5,75000,--,多龍巴魯托
Empoleon,82.9,395,water,steel,161.2,150.7,158,3838286,33.0,2488,Metal Claw,Hydro Cannon,Drill Peck,6,6,3,10000,Shadow,帝王拿波
Politoed,82.8,186,water,none,147.2,158.7,181,4227183,45.5,2498,Mud Shot,Weather Ball (Water),Blizzard,5,10,3,50000,Shadow,蚊香蛙皇
Typhlosion,82.8,157,fire,none,172.3,139.0,151,3617527,34.0,2497,Incinerate,Blast Burn,Thunder Punch,3,2,3,10000,--,火爆獸
Donphan,82.7,232,ground,none,161.5,145.2,164,3845399,31.5,2495,Mud Slap,Trailblaze,Body Slam,5,4,3,50000,--,頓甲
Incineroar,82.6,727,fire,dark,163.0,140.0,168,3833353,31.5,2500,Snarl,Darkest Lariat,Blast Burn,5,4,3,10000,--,熾焰咆哮虎
Lapras,82.6,131,water,ice,134.8,147.6,232,4616775,41.5,2500,Ice Shard,Surf,Ice Beam,5,6,5,75000,--,拉普拉斯
Overqwil,82.6,904,dark,poison,170.1,140.0,154,3667917,33.5,2500,Poison Jab,Aqua Tail,Dark Pulse,5,8,5,75000,--,萬針魚
Piloswine,82.6,221,ice,ground,159.8,124.2,197,3908135,47.5,2498,Powder Snow,Avalanche,High Horsepower,6,8,3,50000,--,長毛豬
Regice,82.6,378,ice,none,133.9,237.1,146,4634630,30.0,2494,Lock On,Thunder,Blizzard,12,15,20,100000,Shadow,雷吉艾斯
Staraptor,82.6,398,normal,flying,182.0,117.3,160,3415476,35.0,2498,Quick Attack,Fly,Close Combat,6,6,1,10000,Shadow,姆克鷹
Amoonguss,82.5,591,grass,poison,142.9,129.4,221,4085363,50.0,2420,Astonish,Grass Knot,Foul Play,5,5,3,50000,--,敗露球菇
Bellibolt,82.4,939,electric,none,148.6,139.9,201,4177449,40.0,2494,Thunder Shock,Parabolic Charge,Zap Cannon,6,9,1,50000,--,電肚蛙
Leavanny,82.3,542,bug,grass,167.5,142.8,155,3708484,41.5,2497,Shadow Claw,Leaf Blade,X-Scissor,5,5,1,10000,--,保母蟲
Barbaracle,82.2,689,rock,water,155.9,172.5,148,3979633,39.5,2497,Mud Slap,Cross Chop,Stone Edge,4,6,3,50000,--,龜足巨鎧
Cetitan,82.2,975,ice,none,155.1,100.2,258,4011827,30.0,2496,Powder Snow,Avalanche,Body Slam,6,5,3,50000,--,浩大鯨
Genesect,82.2,649,bug,steel,181.9,147.2,127,3398909,27.0,2493,Fury Cutter,X-Scissor,Techno Blast (Chill),10,14,20,100000,Chill,蓋諾賽克特
Muk,82.2,89,poison,dark,150.0,144.6,190,4120648,37.0,2492,Poison Jab,Dark Pulse,Acid Spray,8,7,3,50000,Alolan,臭臭泥
Flygon,82.1,330,ground,dragon,165.7,141.9,160,3762278,40.5,2497,Dragon Tail,Dragon Claw,Scorching Sands,4,6,5,75000,Shadow,沙漠蜻蜓
Muk,82.1,89,poison,none,150.0,144.6,190,4120648,37.0,2492,Poison Jab,Dark Pulse,Thunder Punch,8,6,3,50000,Shadow,臭臭泥
Relicanth,82.1,369,water,rock,135.7,177.2,191,4593861,44.5,2497,Water Gun,Aqua Tail,Ancient Power,12,15,5,75000,--,古空棘魚
Gengar,82.0,94,ghost,poison,200.3,120.9,128,3099260,34.0,2495,Shadow Claw,Shadow Punch,Sludge Bomb,5,7,3,50000,--,耿鬼
Kyurem,82.0,646,dragon,ice,170.3,121.2,177,3654583,26.0,2495,Dragon Breath,Glaciate,Dragon Claw,14,12,20,100000,--,酋雷姆
Politoed,82.0,186,water,none,147.2,158.7,181,4227183,45.5,2498,Mud Shot,Surf,Blizzard,6,10,3,50000,--,蚊香蛙皇
Samurott,82.0,503,water,none,165.1,130.0,175,3755605,35.5,2496,Fury Cutter,Hydro Cannon,Megahorn,10,14,3,10000,--,大劍鬼
Jellicent,81.9,593,water,ghost,141.5,158.0,197,4404417,46.5,2499,Hex,Surf,Shadow Ball,4,5,3,50000,--,胖嘟嘟
Whiscash,81.9,340,water,ground,139.5,131.1,215,3931334,50.0,2346,Mud Shot,Mud Bomb,Scald,5,7,1,10000,--,鯰魚王
Magnezone,81.8,462,electric,steel,174.6,154.8,132,3567891,28.0,2497,Volt Switch,Wild Charge,Mirror Shot,3,3,3,50000,Shadow,自爆磁怪
Muk,81.7,89,poison,none,150.0,144.6,190,4120648,37.0,2492,Poison Jab,Thunder Punch,Dark Pulse,6,8,3,50000,--,臭臭泥
Poliwrath,81.7,62,water,fighting,149.3,157.3,177,4158735,42.5,2494,Counter,Icy Wind,Scald,8,9,3,50000,Shadow,蚊香泳士
Slurpuff,81.7,685,fairy,none,153.8,149.6,174,4002111,50.0,2486,Fairy Wind,Flamethrower,Play Rough,7,7,3,50000,--,胖甜妮
Palossand,81.6,770,ghost,ground,151.1,155.3,176,4129483,48.0,2498,Astonish,Scorching Sands,Shadow Ball,5,6,3,50000,--,噬沙堡爺
Sandslash,81.6,28,ground,none,155.8,155.8,164,3982487,49.5,2492,Sand Attack,Night Slash,Scorching Sands,9,13,3,50000,Shadow,穿山王
Flygon,81.5,330,ground,dragon,165.7,141.9,160,3762278,40.5,2497,Dragon Tail,Dragon Claw,Scorching Sands,4,6,5,75000,--,沙漠蜻蜓
Zapdos,81.5,145,electric,flying,175.7,134.9,149,3531634,26.0,2498,Thunder Shock,Drill Peck,Thunderbolt,5,7,20,100000,Shadow,閃電鳥
Enamorus,81.4,905,fairy,flying,196.7,121.0,132,3142184,26.5,2492,Fairy Wind,Fly,Dazzling Gleam,5,8,20,100000,Incarnate,眷戀雲
Chesnaught,81.3,652,grass,fighting,153.1,162.1,163,4043784,32.5,2492,Vine Whip,Frenzy Plant,Superpower,6,5,3,10000,--,布里卡隆
Dragonite,81.3,149,dragon,flying,176.0,138.1,145,3524817,24.0,2499,Dragon Breath,Dragon Claw,Superpower,12,14,5,75000,--,快龍
Toxtricity,81.3,849,electric,poison,181.9,122.1,154,3419294,39.5,2496,Poison Jab,Wild Charge,Power-Up Punch,7,5,5,75000,--,顫弦蠑螈
Golisopod,81.2,768,bug,water,161.1,171.2,140,3861521,29.5,2500,Shadow Claw,Aerial Ace,Liquidation,5,6,1,10000,--,具甲武者
Rhyperior,81.2,464,ground,rock,163.6,136.9,170,3809219,25.0,2499,Mud Slap,Rock Wrecker,Breaking Swipe,5,4,3,50000,Shadow,超甲狂犀
Gliscor,81.1,472,ground,flying,148.8,185.8,151,4176599,39.5,2494,Fury Cutter,Night Slash,Earthquake,9,17,5,75000,--,天蠍王
Heatran,81.1,485,fire,steel,168.6,150.1,145,3669653,24.5,2491,Fire Spin,Magma Storm,Stone Edge,4,6,20,100000,Shadow,席多藍恩
Ho-Oh,81.1,250,fire,flying,158.0,167.1,148,3907144,23.5,2487,Incinerate,Brave Bird,Sacred Fire,3,4,20,100000,Shadow,鳳王
Victreebel,81.1,71,grass,poison,174.7,122.2,167,3566381,46.0,2498,Magical Leaf,Leaf Blade,Sludge Bomb,4,5,3,50000,Shadow,大食花
Whiscash,81.1,340,water,ground,139.5,131.1,215,3931334,50.0,2346,Mud Shot,Mud Bomb,Scald,5,7,1,10000,Shadow,鯰魚王
Excadrill,81.0,530,ground,steel,183.8,101.1,181,3362672,28.0,2490,Mud Slap,Drill Run,Rock Slide,5,5,3,50000,--,龍頭地鼠
Rhyperior,81.0,464,ground,rock,163.6,136.9,170,3809219,25.0,2499,Mud Slap,Breaking Swipe,Rock Wrecker,4,5,3,50000,--,超甲狂犀
Hawlucha,80.9,701,fighting,flying,164.2,138.7,165,3757249,47.0,2490,Poison Jab,Flying Press,Aerial Ace,6,6,5,75000,--,摔角鷹人
Uxie,80.9,480,psychic,none,130.8,233.1,156,4757597,45.5,2496,Confusion,Swift,Future Sight,3,6,20,100000,--,由克希
Gyarados,80.8,130,water,flying,167.3,139.5,158,3687813,27.0,2485,Dragon Breath,Aqua Tail,Crunch,12,15,1,10000,--,暴鯉龍
Gyarados,80.8,130,water,flying,167.3,139.5,158,3687813,27.0,2485,Dragon Breath,Aqua Tail,Crunch,12,15,1,10000,Shadow,暴鯉龍
Piloswine,80.8,221,ice,ground,159.8,124.2,197,3908135,47.5,2498,Powder Snow,Avalanche,High Horsepower,6,8,3,50000,Shadow,長毛豬
Sandslash,80.8,28,ground,none,155.8,155.8,164,3982487,49.5,2492,Sand Attack,Night Slash,Scorching Sands,9,13,3,50000,--,穿山王
Zygarde,80.8,718,dragon,ground,146.5,166.4,173,4217160,26.5,2487,Dragon Tail,Crunch,Earthquake,5,8,20,100000,50% Forme,基格爾德
Gallade,80.7,475,psychic,fighting,177.0,149.5,133,3519444,29.5,2500,Psycho Cut,Close Combat,Leaf Blade,5,4,5,75000,--,艾路雷朵
Gliscor,80.7,472,ground,flying,148.8,185.8,151,4176599,39.5,2494,Fury Cutter,Night Slash,Earthquake,9,17,5,75000,Shadow,天蠍王
Muk,80.7,89,poison,dark,150.0,144.6,190,4120648,37.0,2492,Poison Jab,Dark Pulse,Acid Spray,8,7,3,50000,Alolan,臭臭泥
Gogoat,80.6,673,grass,none,154.8,121.7,214,4032586,36.5,2499,Vine Whip,Leaf Blade,Brick Break,5,5,3,50000,--,坐騎山羊
Empoleon,80.5,395,water,steel,161.2,150.7,158,3838286,33.0,2488,Metal Claw,Hydro Cannon,Drill Peck,6,6,3,10000,--,帝王拿波
Lunatone,80.5,337,rock,psychic,157.2,138.2,182,3953726,46.5,2497,Psywave,Rock Slide,Moonblast,12,15,3,50000,--,月石
Perrserker,80.5,863,steel,none,167.2,147.1,152,3737692,50.0,2500,Shadow Claw,Close Combat,Foul Play,6,6,3,50000,--,喵頭目
Sylveon,80.5,700,fairy,none,152.1,161.6,166,4081029,30.5,2497,Charm,Moonblast,Psyshock,10,8,5,75000,--,仙子伊布
Typhlosion,80.5,157,fire,none,172.3,139.0,151,3617527,34.0,2497,Incinerate,Blast Burn,Thunder Punch,3,2,3,10000,Shadow,火爆獸
Amoonguss,80.4,591,grass,poison,142.9,129.4,221,4085363,50.0,2420,Astonish,Grass Knot,Foul Play,5,5,3,50000,Shadow,敗露球菇
Golem,80.4,76,rock,electric,162.1,155.3,153,3851246,32.5,2498,Rollout,Wild Charge,Rock Blast,4,4,1,10000,Alolan,隆隆岩
Lapras,80.3,131,water,ice,134.8,147.6,232,4616775,41.5,2500,Ice Shard,Surf,Ice Beam,5,6,5,75000,Shadow,拉普拉斯
Genesect,80.2,649,bug,steel,181.9,147.2,127,3398909,27.0,2493,Fury Cutter,X-Scissor,Techno Blast (Shock),10,14,20,100000,Shock,蓋諾賽克特
Heatran,80.2,485,fire,steel,168.6,150.1,145,3669653,24.5,2491,Fire Spin,Magma Storm,Stone Edge,4,6,20,100000,--,席多藍恩
Primarina,80.2,730,water,fairy,169.8,149.6,144,3658286,29.0,2497,Charm,Disarming Voice,Hydro Cannon,8,7,3,10000,--,西獅海壬
Zapdos,80.2,145,electric,flying,175.7,134.9,149,3531634,26.0,2498,Thunder Shock,Drill Peck,Thunderbolt,5,7,20,100000,--,閃電鳥
Kangaskhan,79.9,115,normal,none,149.0,141.7,198,4180854,43.0,2496,Mud Slap,Power-Up Punch,Outrage,4,6,3,50000,--,袋獸
Cradily,79.8,346,rock,grass,140.3,175.6,180,4436127,50.0,2499,Bullet Seed,Stone Edge,Grass Knot,5,4,3,50000,--,搖籃百合
Forretress,79.7,205,bug,steel,145.4,182.3,162,4294273,50.0,2499,Volt Switch,Earthquake,Mirror Shot,5,3,5,75000,Shadow,佛烈托斯
Hariyama,79.5,297,fighting,none,163.6,97.1,240,3812132,35.5,2497,Force Palm,Close Combat,Heavy Slam,5,5,3,50000,--,鐵掌力士
Magnezone,79.5,462,electric,steel,174.6,154.8,132,3567891,28.0,2497,Volt Switch,Wild Charge,Mirror Shot,3,3,3,50000,--,自爆磁怪
Marshadow,79.5,802,fighting,ghost,180.6,133.5,142,3424219,24.0,2487,Sucker Punch,Close Combat,Ice Punch,7,6,20,100000,--,瑪夏多
Avalugg,79.4,713,ice,rock,152.0,173.3,156,4108624,26.5,2499,Powder Snow,Rock Slide,Icy Wind,6,6,3,50000,Hisuian,冰岩怪
Excadrill,79.4,530,ground,steel,183.8,101.1,181,3362672,28.0,2490,Mud Slap,Drill Run,Rock Slide,5,5,3,50000,Shadow,龍頭地鼠
Golem,79.4,76,rock,electric,162.1,155.3,153,3851246,32.5,2498,Rollout,Rock Blast,Wild Charge,4,4,1,10000,Alolan,隆隆岩
Slowbro,79.4,80,poison,psychic,153.4,140.3,188,4045209,46.0,2495,Poison Jab,Brutal Swing,Surf,5,7,3,50000,Galarian,呆殼獸
Suicune,79.4,245,water,none,136.9,185.2,178,4511669,32.0,2488,Snarl,Ice Beam,Scald,5,4,20,100000,--,水君
Ursaring,79.4,217,normal,none,180.7,118.9,161,3459168,33.5,2500,Shadow Claw,Swift,Close Combat,5,6,3,50000,--,圈圈熊
Aromatisse,79.3,683,fairy,none,153.4,135.3,196,4069369,46.0,2498,Charm,Moonblast,Thunderbolt,10,10,3,50000,--,芳香精
Genesect,79.3,649,bug,steel,181.9,147.2,127,3398909,27.0,2493,Fury Cutter,X-Scissor,Techno Blast (Burn),10,14,20,100000,Burn,蓋諾賽克特
Oinkologne,79.3,916,normal,none,142.3,143.9,214,4383025,45.5,2498,Tackle,Body Slam,Trailblaze,12,15,1,10000,Female,飄香豚
Victreebel,79.3,71,grass,poison,174.7,122.2,167,3566381,46.0,2498,Magical Leaf,Leaf Blade,Sludge Bomb,4,5,3,50000,--,大食花
Jirachi,79.2,385,steel,psychic,155.5,154.8,166,3996896,27.5,2493,Confusion,Doom Desire,Dazzling Gleam,4,6,20,100000,--,基拉祈
Quagsire,79.2,195,water,ground,140.3,132.8,194,3614465,50.0,2252,Mud Shot,Aqua Tail,Stone Edge,5,7,3,50000,Shadow,沼王
Whimsicott,79.1,547,grass,fairy,150.4,160.5,142,3428021,50.0,2277,Fairy Wind,Moonblast,Grass Knot,7,6,1,10000,--,風妖精
Ceruledge,79.0,937,fire,ghost,176.3,142.4,141,3539893,29.0,2497,Incinerate,Shadow Ball,Flame Charge,3,3,5,50000,--,蒼炎刃鬼
Raikou,79.0,243,electric,none,170.1,141.6,152,3660484,27.0,2500,Volt Switch,Wild Charge,Shadow Ball,3,4,20,100000,--,雷公
Roserade,79.0,407,grass,poison,183.7,148.0,124,3371877,32.0,2491,Poison Jab,Weather Ball (Fire),Grass Knot,5,8,3,50000,--,羅絲雷朵
Greedent,78.9,820,normal,none,138.6,142.9,227,4496012,50.0,2500,Mud Shot,Body Slam,Crunch,5,6,1,10000,--,藏飽栗鼠
Lokix,78.9,920,bug,dark,175.5,130.4,155,3548853,46.0,2496,Sucker Punch,X-Scissor,Dark Pulse,6,8,1,50000,--,烈腿蝗
Qwilfish,78.9,211,dark,poison,167.2,139.5,149,3475491,50.0,2415,Poison Jab,Aqua Tail,Dark Pulse,5,8,3,50000,Hisuian,千針魚
Rhydon,78.9,112,ground,rock,163.3,132.4,176,3804487,29.0,2494,Mud Slap,Breaking Swipe,Stone Edge,4,6,3,50000,Shadow,鑽角犀獸
Lucario,78.8,448,fighting,steel,186.9,123.1,144,3313071,38.0,2496,Force Palm,Thunder Punch,Shadow Ball,4,6,5,75000,--,路卡利歐
Rhydon,78.8,112,ground,rock,163.3,132.4,176,3804487,29.0,2494,Mud Slap,Breaking Swipe,Stone Edge,4,6,3,50000,--,鑽角犀獸
Qwilfish,78.7,211,water,poison,167.2,128.6,149,3203314,50.0,2318,Poison Sting,Aqua Tail,Ice Beam,4,7,3,50000,--,千針魚
Genesect,78.6,649,bug,steel,181.9,147.2,127,3398909,27.0,2493,Fury Cutter,X-Scissor,Techno Blast (Douse),10,14,20,100000,Douse,蓋諾賽克特
Machoke,78.6,67,fighting,none,161.3,117.6,172,3264574,50.0,2296,Karate Chop,Cross Chop,Dynamic Punch,4,6,3,50000,Shadow,豪力
Pidgeot,78.6,18,normal,flying,152.1,142.0,176,3801427,50.0,2407,Gust,Feather Dance,Brave Bird,5,5,1,10000,--,大比鳥
Spiritomb,78.6,442,ghost,dark,154.6,179.8,127,3531052,50.0,2343,Sucker Punch,Shadow Ball,Shadow Sneak,8,7,5,75000,--,花岩怪
Arctibax,78.5,997,dragon,ice,158.0,120.2,186,3530820,50.0,2365,Dragon Breath,Avalanche,Dragon Claw,15,12,5,75000,--,凍脊龍
Baxcalibur,78.5,998,dragon,ice,175.4,123.4,163,3529242,25.5,2495,Dragon Breath,Avalanche,Dragon Claw,15,12,5,75000,--,戟脊龍
Hydreigon,78.5,635,dark,dragon,176.1,132.2,152,3538421,25.5,2499,Dragon Breath,Brutal Swing,Flash Cannon,12,24,5,75000,--,三首惡龍
Landorus,78.5,645,ground,flying,189.7,125.0,138,3272594,23.5,2497,Mud Shot,Sandsear Storm,Stone Edge,6,7,20,100000,Therian,土地雲
Pyroar,78.5,668,fire,normal,173.3,125.6,164,3568870,36.5,2493,Incinerate,Flame Charge,Dark Pulse,3,3,3,10000,--,火炎獅
Togekiss,78.5,468,fairy,flying,161.9,160.5,148,3844321,28.0,2498,Charm,Ancient Power,Aura Sphere,8,10,3,50000,--,波克基斯
Golem,78.4,76,rock,ground,162.1,155.3,153,3851246,32.5,2498,Mud Slap,Stone Edge,Rock Blast,6,4,1,10000,Shadow,隆隆岩
Lanturn,78.4,171,water,electric,135.3,127.7,237,4095308,50.0,2357,Spark,Surf,Thunderbolt,7,8,3,50000,--,電燈怪
Milotic,78.4,350,water,none,145.8,174.0,168,4262665,32.0,2493,Dragon Tail,Surf,Blizzard,5,9,5,75000,--,美納斯
Lurantis,78.3,754,grass,none,163.6,151.9,153,3802584,48.0,2498,Leafage,Leaf Blade,Superpower,5,6,3,50000,--,蘭螳花
Magmar,78.3,126,fire,none,174.4,139.5,146,3551007,48.0,2489,Karate Chop,Fire Punch,Scorching Sands,5,6,5,75000,Shadow,鴨嘴火獸
Scrafty,78.3,560,dark,fighting,146.2,196.3,148,4246710,49.0,2497,Counter,Foul Play,Thunder Punch,8,7,3,50000,--,頭巾混混
Yveltal,78.3,717,dark,flying,169.0,129.5,169,3699520,23.5,2500,Sucker Punch,Dark Pulse,Oblivion Wing,8,8,20,100000,--,伊裴爾塔爾
Palkia,78.2,484,water,dragon,181.9,147.4,127,3404831,23.0,2493,Dragon Breath,Aqua Tail,Draco Meteor,12,22,20,100000,--,帕路奇亞
Buzzwole,78.1,794,bug,fighting,166.4,142.4,158,3743017,26.5,2497,Counter,Superpower,Lunge,7,8,20,100000,--,爆肌蚊
Druddigon,78.1,621,dragon,none,169.0,144.1,151,3677971,38.0,2500,Dragon Tail,Dragon Claw,Night Slash,4,4,5,75000,--,赤面龍
Mantine,78.1,226,water,flying,137.0,202.5,149,4132945,50.0,2383,Wing Attack,Aerial Ace,Ice Beam,6,8,5,75000,--,巨翅飛魚
Palkia,78.1,484,water,dragon,182.3,146.6,127,3395063,22.0,2496,Dragon Breath,Aqua Tail,Draco Meteor,12,22,20,100000,Origin,帕路奇亞
Tapu Bulu,78.1,787,grass,fairy,175.6,158.3,127,3529863,27.0,2496,Bullet Seed,Grass Knot,Nature's Madness,4,4,20,100000,--,卡璞・哞哞
Vaporeon,78.1,134,water,none,153.1,127.7,208,4066528,29.5,2500,Water Gun,Aqua Tail,Liquidation,12,15,5,75000,--,水伊布
Deoxys,78.0,386,psychic,none,130.2,288.2,126,4730043,50.0,2490,Counter,Psycho Boost,Rock Slide,6,8,20,100000,Defense,代歐奇希斯
Hitmontop,78.0,237,fighting,none,158.0,186.5,127,3742685,50.0,2438,Counter,Close Combat,Triple Axel,8,8,5,75000,--,戰舞郎
Raikou,78.0,243,electric,none,170.1,141.6,152,3660484,27.0,2500,Volt Switch,Wild Charge,Shadow Ball,3,4,20,100000,Shadow,雷公
Solgaleo,78.0,791,psychic,steel,166.0,129.3,175,3755496,22.5,2500,Fire Spin,Psychic Fangs,Iron Head,4,5,20,100000,--,索爾迦雷歐
Victini,78.0,494,psychic,fire,155.5,154.8,166,3996896,27.5,2493,Quick Attack,V-Create,Psychic,5,7,20,100000,--,比克提尼
Solrock,77.9,338,rock,psychic,157.2,138.2,182,3953726,46.5,2497,Psywave,Rock Slide,Psychic,12,14,3,50000,--,太陽岩
Bronzong,77.8,437,steel,psychic,145.4,191.6,152,4233439,50.0,2488,Confusion,Psyshock,Payback,4,5,3,50000,--,青銅鐘
Snorlax,77.8,143,normal,none,139.1,131.2,244,4452740,28.5,2491,Lick,Body Slam,Earthquake,12,22,5,75000,--,卡比獸
Bewear,77.7,760,normal,fighting,168.3,111.7,197,3705444,29.5,2499,Shadow Claw,Superpower,Payback,5,8,1,10000,--,穿著熊
Bombirdier,77.7,962,flying,dark,165.7,148.5,153,3764149,46.0,2500,Wing Attack,Fly,Payback,7,9,5,75000,--,下石鳥
Cradily,77.7,346,rock,grass,140.3,175.6,180,4436127,50.0,2499,Bullet Seed,Grass Knot,Stone Edge,4,5,3,50000,Shadow,搖籃百合
Raichu,77.7,26,electric,psychic,178.2,139.1,141,3494900,48.5,2500,Volt Switch,Trailblaze,Wild Charge,3,3,1,10000,Alolan,雷丘
Suicune,77.7,245,water,none,136.9,185.2,178,4511669,32.0,2488,Snarl,Scald,Ice Beam,4,5,20,100000,Shadow,水君
Scizor,77.6,212,bug,steel,178.5,142.5,137,3486560,30.5,2498,Fury Cutter,Night Slash,Trailblaze,9,12,5,75000,Shadow,巨鉗螳螂
Ampharos,77.5,181,electric,none,164.4,140.7,164,3791746,35.5,2499,Volt Switch,Brutal Swing,Trailblaze,3,3,5,75000,--,電龍
Golem,77.5,76,rock,ground,162.1,155.3,153,3851246,32.5,2498,Mud Slap,Stone Edge,Rock Blast,6,4,1,10000,--,隆隆岩
Mismagius,77.4,429,ghost,none,170.5,160.1,133,3630556,40.5,2489,Psywave,Shadow Ball,Dark Pulse,14,13,3,50000,Shadow,夢妖魔
Staraptor,77.4,398,normal,flying,182.0,117.3,160,3415476,35.0,2498,Quick Attack,Fly,Close Combat,6,6,1,10000,--,姆克鷹
Granbull,77.3,210,fairy,none,173.7,116.8,176,3571337,42.0,2490,Charm,Close Combat,Crunch,8,8,3,50000,Shadow,布魯皇
Mismagius,77.3,429,ghost,none,170.5,160.1,133,3630556,40.5,2489,Psywave,Shadow Ball,Dark Pulse,14,13,3,50000,--,夢妖魔
Quagsire,77.3,195,water,ground,140.3,132.8,194,3614465,50.0,2252,Mud Shot,Aqua Tail,Stone Edge,5,7,3,50000,--,沼王
Rapidash,77.3,78,psychic,fairy,173.6,141.5,146,3587206,46.5,2499,Fairy Wind,Body Slam,Wild Charge,4,5,3,50000,Galarian,烈焰馬
Dubwool,77.2,832,normal,none,146.2,179.0,160,4187141,50.0,2478,Double Kick,Body Slam,Payback,3,5,3,10000,--,毛毛角羊
Hariyama,77.2,297,fighting,none,163.6,97.1,240,3812132,35.5,2497,Force Palm,Close Combat,Heavy Slam,5,5,3,50000,Shadow,鐵掌力士
Magmortar,77.2,467,fire,none,182.1,132.8,141,3409646,29.5,2496,Karate Chop,Fire Punch,Thunderbolt,5,7,5,75000,Shadow,鴨嘴炎獸
Seaking,77.2,119,water,none,159.7,136.1,172,3738228,50.0,2444,Poison Jab,Drill Run,Icy Wind,7,7,3,50000,--,金魚王
Seismitoad,77.2,537,water,ground,154.5,132.0,197,4018029,42.0,2495,Mud Shot,Earth Power,Sludge Bomb,7,7,3,50000,--,蟾蜍王
Altaria,77.1,334,dragon,flying,131.1,181.5,164,3902033,50.0,2266,Dragon Breath,Sky Attack,Moonblast,19,20,1,10000,--,七夕青鳥
Charizard,77.1,6,fire,flying,172.3,139.0,151,3617527,34.0,2497,Dragon Breath,Blast Burn,Dragon Claw,17,12,3,10000,--,噴火龍
Salamence,77.1,373,dragon,flying,186.5,117.7,152,3335828,24.5,2500,Dragon Tail,Fly,Outrage,5,7,5,75000,--,暴飛龍
Zekrom,77.1,644,dragon,electric,178.7,140.3,139,3485851,23.0,2496,Dragon Breath,Crunch,Wild Charge,15,15,20,100000,--,捷克羅姆
Blaziken,77.0,257,fire,fighting,184.4,117.9,154,3347475,34.0,2485,Fire Spin,Blaze Kick,Blast Burn,4,5,3,10000,Shadow,火焰雞
Ampharos,76.9,181,electric,none,164.4,140.7,164,3791746,35.5,2499,Volt Switch,Brutal Swing,Trailblaze,3,3,5,75000,Shadow,電龍
Dewgong,76.9,87,water,ice,129.4,161.3,186,3883324,50.0,2245,Ice Shard,Icy Wind,Drill Run,5,5,3,50000,--,白海獅
Celesteela,76.8,797,steel,flying,155.0,157.2,165,4022062,30.5,2499,Air Slash,Body Slam,Bulldoze,4,7,20,100000,--,鐵火輝夜
Houndstone,76.8,972,ghost,none,154.9,170.4,152,4012161,45.0,2496,Lick,Psychic Fangs,Shadow Ball,12,19,3,50000,--,墓揚犬
Magmar,76.8,126,fire,none,174.4,139.5,146,3551007,48.0,2489,Karate Chop,Fire Punch,Scorching Sands,5,6,5,75000,--,鴨嘴火獸
Pelipper,76.8,279,water,flying,159.7,158.8,142,3600580,50.0,2404,Wing Attack,Weather Ball (Water),Hurricane,5,10,3,50000,--,大嘴鷗
Genesect,76.7,649,bug,steel,181.9,147.2,127,3398909,27.0,2493,Fury Cutter,X-Scissor,Techno Blast (Normal),10,14,20,100000,--,蓋諾賽克特
Gigalith,76.7,526,rock,none,164.7,153.3,149,3763758,28.5,2496,Mud Slap,Superpower,Meteor Beam,4,6,3,50000,--,龐岩怪
Fraxure,76.6,611,dragon,none,190.2,115.6,149,3276241,49.5,2497,Dragon Tail,Dragon Claw,Aqua Tail,4,4,5,75000,--,斧牙龍
Froslass,76.6,478,ice,ghost,156.3,138.6,157,3402243,50.0,2306,Powder Snow,Avalanche,Shadow Ball,6,7,3,50000,--,雪妖女
Mr. Mime,76.6,122,psychic,fairy,173.4,184.3,112,3580104,49.5,2494,Psywave,Shadow Ball,Psychic,14,14,5,75000,--,魔牆人偶
Granbull,76.5,210,fairy,none,173.7,116.8,176,3571337,42.0,2490,Charm,Close Combat,Crunch,8,8,3,50000,--,布魯皇
Salamence,76.5,373,dragon,flying,186.5,117.7,152,3335828,24.5,2500,Dragon Tail,Fly,Outrage,5,7,5,75000,Shadow,暴飛龍
Scizor,76.5,212,bug,steel,178.5,142.5,137,3486560,30.5,2498,Fury Cutter,Night Slash,Trailblaze,9,12,5,75000,--,巨鉗螳螂
Snorlax,76.5,143,normal,none,139.1,131.2,244,4452740,28.5,2491,Lick,Body Slam,Earthquake,12,22,5,75000,Shadow,卡比獸
Blaziken,76.4,257,fire,fighting,184.4,117.9,154,3347475,34.0,2485,Fire Spin,Blaze Kick,Blast Burn,4,5,3,10000,--,火焰雞
Camerupt,76.4,323,fire,ground,175.6,126.9,157,3498579,50.0,2479,Incinerate,Earth Power,Overheat,3,3,3,50000,--,噴火駝
Escavalier,76.4,589,bug,steel,172.3,151.1,139,3619610,34.0,2497,Counter,Megahorn,Drill Run,10,8,3,50000,--,騎士蝸牛
Froslass,76.4,478,ice,ghost,156.3,138.6,157,3402243,50.0,2306,Powder Snow,Avalanche,Shadow Ball,6,7,3,50000,Shadow,雪妖女
Gholdengo,76.3,1000,steel,ghost,175.4,138.3,146,3541192,25.5,2495,Astonish,Shadow Ball,Focus Blast,6,8,5,10000,--,賽富豪
Kingdra,76.3,230,water,dragon,156.5,165.2,153,3954457,40.0,2490,Dragon Breath,Outrage,Octazooka,20,17,3,50000,--,刺龍王
Mew,76.3,151,psychic,none,155.5,154.8,166,3996896,27.5,2493,Shadow Claw,Dragon Claw,Wild Charge,5,6,20,100000,--,夢幻
Pidgeot,76.3,18,normal,flying,152.1,142.0,176,3801427,50.0,2407,Gust,Brave Bird,Aerial Ace,5,4,1,10000,Shadow,大比鳥
Skarmory,76.3,227,steel,flying,137.0,202.5,149,4132945,50.0,2383,Steel Wing,Brave Bird,Sky Attack,10,10,5,75000,Shadow,盔甲鳥
Obstagoon,76.2,862,dark,normal,146.7,164.9,176,4256762,40.5,2498,Counter,Night Slash,Cross Chop,6,6,3,10000,--,堵攔熊
Bellossom,76.1,182,grass,none,152.1,166.4,162,4099468,50.0,2498,Bullet Seed,Leaf Blade,Dazzling Gleam,3,6,3,50000,Shadow,美麗花
Galvantula,76.1,596,bug,electric,181.5,120.2,157,3424193,50.0,2494,Volt Switch,Lunge,Discharge,3,3,3,50000,--,電蜘蛛
Ludicolo,76.1,272,water,grass,153.1,156.5,169,4049254,47.5,2495,Bubble,Scald,Leaf Storm,5,5,3,50000,--,樂天河童
Mamoswine,76.1,473,ice,ground,177.2,111.4,178,3514043,27.5,2500,Powder Snow,Avalanche,High Horsepower,6,8,3,50000,--,象牙豬
Wigglytuff,76.1,40,normal,fairy,143.7,88.2,260,3296306,50.0,2178,Charm,Disarming Voice,Icy Wind,8,8,1,10000,--,胖可丁
Armarouge,76.0,936,fire,psychic,171.2,142.4,149,3633860,29.0,2499,Incinerate,Psyshock,Flame Charge,3,3,5,50000,--,紅蓮鎧騎
Galvantula,76.0,596,bug,electric,181.5,120.2,157,3424193,50.0,2494,Volt Switch,Lunge,Discharge,3,3,3,50000,Shadow,電蜘蛛
Golduck,76.0,55,water,none,161.4,142.4,168,3861243,47.5,2496,Water Gun,Cross Chop,Liquidation,12,15,3,50000,Shadow,哥達鴨
Machoke,75.9,67,fighting,none,161.3,117.6,172,3264574,50.0,2296,Karate Chop,Cross Chop,Dynamic Punch,4,6,3,50000,--,豪力
Obstagoon,75.9,862,dark,normal,146.7,164.9,176,4256762,40.5,2498,Counter,Cross Chop,Night Slash,6,6,3,10000,Shadow,堵攔熊
Scolipede,75.9,545,bug,poison,170.6,155.9,137,3643199,46.0,2500,Poison Jab,X-Scissor,Sludge Bomb,6,8,1,10000,--,蜈蚣王
Infernape,75.7,392,fire,fighting,177.7,128.8,153,3502927,37.5,2500,Fire Spin,Close Combat,Blast Burn,5,5,3,10000,--,烈焰猴
Bellossom,75.6,182,grass,none,152.1,166.4,162,4099468,50.0,2498,Bullet Seed,Leaf Blade,Return,3,6,3,50000,--,美麗花
Charizard,75.6,6,fire,flying,172.3,139.0,151,3617527,34.0,2497,Dragon Breath,Blast Burn,Dragon Claw,17,12,3,10000,Shadow,噴火龍
Scolipede,75.6,545,bug,poison,170.6,155.9,137,3643199,46.0,2500,Poison Jab,X-Scissor,Sludge Bomb,6,8,1,10000,Shadow,蜈蚣王
Crustle,75.5,558,bug,rock,154.6,172.3,150,3996885,43.0,2490,Fury Cutter,X-Scissor,Rock Slide,10,12,1,10000,--,岩殿居蟹
Toxicroak,75.5,454,poison,fighting,175.8,119.9,168,3542602,44.0,2499,Counter,Mud Bomb,Shadow Ball,7,10,3,50000,--,毒骷蛙
Toxicroak,75.5,454,poison,fighting,175.8,119.9,168,3542602,44.0,2499,Counter,Mud Bomb,Shadow Ball,7,10,3,50000,Shadow,毒骷蛙
Golduck,75.4,55,water,none,161.4,142.4,168,3861243,47.5,2496,Water Gun,Cross Chop,Liquidation,12,15,3,50000,--,哥達鴨
Zangoose,75.4,335,normal,none,187.3,112.2,158,3322351,47.0,2498,Shadow Claw,Close Combat,Night Slash,6,5,3,50000,--,貓鼬斬
Avalugg,75.2,713,ice,none,144.8,181.1,164,4300893,28.5,2500,Ice Fang,Avalanche,Crunch,9,9,3,50000,--,冰岩怪
Gourgeist,75.2,711,ghost,grass,147.5,170.5,167,4197585,40.5,2490,Hex,Shadow Ball,Seed Bomb,5,4,5,75000,Super,南瓜怪人
Lugia,75.2,249,psychic,flying,132.3,213.7,166,4692350,25.0,2493,Dragon Tail,Aeroblast,Sky Attack,9,7,20,100000,--,洛奇亞
Mamoswine,75.2,473,ice,ground,177.2,111.4,178,3514043,27.5,2500,Powder Snow,Avalanche,High Horsepower,6,8,3,50000,Shadow,象牙豬
Mienshao,75.2,620,fighting,none,203.4,109.4,137,3047401,36.5,2490,Force Palm,Brutal Swing,Brick Break,4,4,3,50000,--,師父鼬
Revavroom,75.2,966,steel,poison,174.1,135.6,151,3563534,31.5,2491,Poison Jab,Overheat,Acid Spray,8,7,3,50000,--,普隆隆姆
Bruxish,75.1,779,water,psychic,176.9,131.6,151,3516640,46.5,2497,Confusion,Aqua Tail,Psychic Fangs,3,3,3,50000,--,磨牙彩皮魚
Crustle,75.0,558,bug,rock,154.6,172.3,150,3996885,43.0,2490,Fury Cutter,X-Scissor,Rock Slide,10,12,1,10000,Shadow,岩殿居蟹
Raichu,75.0,26,electric,none,174.8,139.5,142,3462012,50.0,2467,Volt Switch,Brick Break,Wild Charge,3,3,1,10000,--,雷丘
Conkeldurr,74.9,534,fighting,none,174.4,119.1,172,3573108,27.5,2498,Counter,Brutal Swing,Dynamic Punch,6,9,5,75000,--,修建老匠
Conkeldurr,74.9,534,fighting,none,174.4,119.1,172,3573108,27.5,2498,Counter,Brutal Swing,Dynamic Punch,6,9,5,75000,Shadow,修建老匠
Entei,74.9,244,fire,none,164.4,127.9,179,3763075,26.5,2490,Fire Spin,Scorching Sands,Flame Charge,5,5,20,100000,--,炎帝
Marowak,74.9,105,ground,none,133.6,168.9,142,3204426,50.0,2075,Mud Slap,Bone Club,Rock Slide,4,5,3,50000,Shadow,嘎啦嘎啦
Shiftry,74.9,275,grass,dark,174.7,111.6,182,3547605,46.0,2490,Snarl,Leaf Blade,Foul Play,3,4,3,50000,Shadow,狡猾天狗
Sneasel,74.9,215,fighting,poison,171.4,135.3,135,3130823,50.0,2319,Poison Jab,Close Combat,Aerial Ace,7,6,3,50000,Hisuian,狃拉
Claydol,74.8,344,ground,psychic,130.2,205.0,142,3792090,50.0,2229,Mud Slap,Scorching Sands,Ice Beam,5,6,3,50000,--,念力土偶
Cryogonal,74.8,615,ice,none,150.2,177.2,156,4151488,36.5,2500,Ice Shard,Night Slash,Triple Axel,4,5,5,75000,--,幾何雪花
Gourgeist,74.8,711,ghost,grass,149.7,174.2,160,4171084,45.5,2500,Hex,Shadow Ball,Seed Bomb,5,4,5,75000,Large,南瓜怪人
Klefki,74.8,707,steel,fairy,147.1,163.0,137,3284196,50.0,2204,Astonish,Foul Play,Play Rough,5,6,3,50000,--,鑰圈兒
Xerneas,74.8,716,fairy,none,169.0,129.5,169,3699520,23.5,2500,Geomancy,Close Combat,Moonblast,4,5,20,100000,--,哲爾尼亞斯
Delphox,74.7,655,fire,psychic,171.9,146.9,143,3612854,30.5,2494,Fire Spin,Blast Burn,Mystical Fire,5,5,3,10000,--,妖火紅狐
Entei,74.7,244,fire,none,164.4,127.9,179,3763075,26.5,2490,Fire Spin,Scorching Sands,Flame Charge,5,5,20,100000,Shadow,炎帝
Magneton,74.7,82,electric,steel,185.3,149.6,121,3353587,44.5,2494,Volt Switch,Magnet Bomb,Discharge,3,3,3,50000,Shadow,三合一磁怪
Cacturne,74.6,332,grass,dark,193.9,107.3,154,3204466,47.0,2495,Sucker Punch,Trailblaze,Dark Pulse,7,8,3,50000,--,夢歌仙人掌
Tapu Lele,74.6,786,psychic,fairy,179.8,150.5,127,3437989,26.0,2490,Astonish,Nature's Madness,Psyshock,5,5,20,100000,--,卡璞・蝶蝶
Furfrou,74.5,676,normal,none,150.4,152.9,164,3772567,50.0,2387,Sucker Punch,Surf,Grass Knot,7,8,5,75000,--,多麗米亞
Gigalith,74.4,526,rock,none,164.7,153.3,149,3763758,28.5,2496,Mud Slap,Meteor Beam,Superpower,6,4,3,50000,Shadow,龐岩怪
Hitmonchan,74.3,107,fighting,none,169.2,173.3,125,3665277,47.0,2494,Counter,Close Combat,Ice Punch,8,7,5,75000,--,快拳郎
Latios,74.3,381,dragon,psychic,178.7,147.2,132,3472586,24.0,2492,Dragon Breath,Dragon Claw,Luster Purge,12,20,20,100000,Shadow,拉帝歐斯
Noctowl,74.3,164,normal,flying,134.4,143.7,201,3883121,50.0,2288,Wing Attack,Night Shade,Sky Attack,7,8,1,10000,--,貓頭夜鷹
Electivire,74.2,466,electric,none,185.1,130.2,139,3351363,30.0,2490,Thunder Shock,Wild Charge,Ice Punch,5,5,5,75000,Shadow,電擊魔獸
Gardevoir,74.2,282,psychic,fairy,177.0,149.5,133,3519444,29.5,2500,Charm,Triple Axel,Shadow Ball,8,10,5,75000,Shadow,沙奈朵
Gourgeist,74.2,711,ghost,grass,149.5,188.8,147,4149195,49.0,2497,Hex,Shadow Ball,Seed Bomb,5,4,5,75000,Average,南瓜怪人
Stoutland,74.2,508,normal,none,161.3,150.6,159,3862646,35.5,2496,Sand Attack,Wild Charge,Crunch,12,12,1,10000,--,長毛狗
Togedemaru,74.2,777,electric,steel,172.3,134.4,149,3450872,50.0,2442,Thunder Shock,Fell Stinger,Wild Charge,4,5,3,50000,--,托戈德瑪爾
Cursola,74.1,864,ghost,none,188.6,142.9,122,3289764,29.5,2497,Astonish,Night Shade,Power Gem,5,5,3,50000,--,魔靈珊瑚
Magneton,74.1,82,electric,steel,185.3,149.6,121,3353587,44.5,2494,Volt Switch,Magnet Bomb,Discharge,3,3,3,50000,--,三合一磁怪
Rotom,74.1,479,electric,fire,167.5,183.5,121,3719845,41.5,2499,Thunder Shock,Overheat,Thunderbolt,7,7,5,75000,Heat,洛托姆
Sneasel,74.1,215,fighting,poison,171.4,135.3,135,3130823,50.0,2319,Poison Jab,Close Combat,Aerial Ace,7,6,3,50000,Hisuian,狃拉
Darmanitan,74.0,555,fire,none,193.7,93.6,176,3191384,29.5,2488,Incinerate,Overheat,Rock Slide,3,3,3,50000,Standard,達摩狒狒
Falinks,74.0,870,fighting,none,166.2,154.5,146,3750271,49.0,2498,Counter,Superpower,Megahorn,7,10,5,75000,--,列陣兵
Hitmontop,74.0,237,fighting,none,158.0,186.5,127,3742685,50.0,2438,Counter,Close Combat,Triple Axel,8,8,5,75000,Shadow,戰舞郎
Tangrowth,74.0,465,grass,none,156.5,146.2,174,3981535,30.5,2497,Vine Whip,Power Whip,Rock Slide,7,6,3,50000,Shadow,巨蔓藤
Terrakion,74.0,639,rock,fighting,175.9,136.2,147,3521739,24.5,2492,Double Kick,Sacred Sword,Rock Slide,3,4,20,100000,--,代拉基翁
Vikavolt,74.0,738,bug,electric,187.2,122.6,144,3305478,29.5,2490,Volt Switch,X-Scissor,Fly,3,3,1,10000,--,鍬農炮蟲
Chandelure,73.9,609,ghost,fire,194.8,137.3,119,3182125,27.5,2490,Incinerate,Shadow Ball,Flame Charge,3,3,5,75000,Shadow,水晶燈火靈
Crobat,73.9,169,poison,flying,157.5,149.5,168,3955435,41.0,2500,Air Slash,Poison Fang,Shadow Ball,5,7,1,10000,Shadow,叉字蝠
Durant,73.9,632,bug,steel,174.5,158.1,129,3559047,38.0,2494,Metal Claw,X-Scissor,Stone Edge,6,8,3,50000,--,鐵蟻
Passimian,73.9,766,fighting,none,166.7,127.6,175,3724208,31.0,2496,Counter,Close Combat,Brick Break,8,7,3,75000,--,投擲猴
Reshiram,73.9,643,dragon,fire,178.7,140.3,139,3485851,23.0,2496,Dragon Breath,Crunch,Overheat,15,19,20,100000,--,萊希拉姆
Dialga,73.8,483,steel,dragon,174.3,149.5,137,3569957,22.5,2498,Dragon Breath,Roar of Time,Iron Head,22,17,20,100000,Origin,帝牙盧卡
Articuno,73.7,144,ice,flying,144.6,184.4,161,4294013,31.0,2496,Ice Shard,Triple Axel,Ancient Power,5,5,20,100000,Shadow,急凍鳥
Hitmonlee,73.7,106,fighting,none,182.7,156.4,119,3399624,41.5,2499,Double Kick,Close Combat,Blaze Kick,4,4,5,75000,Shadow,飛腿郎
Naganadel,73.7,804,poison,dragon,191.1,124.1,136,3225581,28.5,2484,Poison Jab,Dragon Claw,Sludge Bomb,5,8,20,100000,--,四顎針龍
Crawdaunt,73.6,342,water,dark,187.0,126.3,141,3331349,46.0,2496,Snarl,Night Slash,Scald,3,4,3,50000,Shadow,鐵螯龍蝦
Melmetal,73.6,809,steel,none,156.5,137.6,185,3984366,25.5,2500,Thunder Shock,Rock Slide,Superpower,5,5,20,100000,--,美錄梅塔
Mewtwo,73.6,150,psychic,none,190.5,122.2,140,3258153,22.0,2494,Psycho Cut,Psystrike,Shadow Ball,5,7,20,100000,Shadow,超夢
Tangrowth,73.6,465,grass,none,156.5,146.2,174,3981535,30.5,2497,Vine Whip,Power Whip,Rock Slide,7,6,3,50000,--,巨蔓藤
Eelektross,73.5,604,electric,none,172.8,127.4,164,3610805,38.5,2499,Volt Switch,Dragon Claw,Thunderbolt,3,4,1,10000,--,麻麻鰻魚王
Haxorus,73.4,612,dragon,none,195.6,126.1,129,3183455,25.5,2500,Dragon Tail,Breaking Swipe,Night Slash,4,4,5,75000,--,雙斧戰龍
Hypno,73.4,97,psychic,none,133.6,174.8,178,4156705,50.0,2363,Confusion,Fire Punch,Shadow Ball,4,5,3,50000,--,引夢貘人
Krookodile,73.4,553,ground,dark,171.9,126.9,166,3621044,31.0,2500,Mud Slap,Crunch,Earthquake,5,7,5,75000,--,流氓鱷
Oinkologne,73.4,916,normal,none,152.5,134.9,199,4093878,42.5,2499,Tackle,Body Slam,Trailblaze,12,15,1,10000,--,飄香豚
Camerupt,73.3,323,fire,ground,175.6,126.9,157,3498579,50.0,2479,Incinerate,Earth Power,Overheat,3,3,3,50000,Shadow,噴火駝
Electrode,73.3,101,electric,grass,160.5,160.5,142,3657833,50.0,2430,Thunder Shock,Wild Charge,Swift,5,4,3,50000,Hisuian,頑皮雷彈
Marowak,73.1,105,ground,none,133.6,168.9,142,3204426,50.0,2075,Mud Slap,Bone Club,Rock Slide,4,5,3,50000,--,嘎啦嘎啦
Shiftry,73.1,275,grass,dark,174.7,111.6,182,3547605,46.0,2490,Snarl,Leaf Blade,Foul Play,3,4,3,50000,--,狡猾天狗
Skarmory,73.1,227,steel,flying,137.0,202.5,149,4132945,50.0,2383,Steel Wing,Brave Bird,Flash Cannon,10,12,5,75000,--,盔甲鳥
Zacian,73.1,888,fairy,none,168.4,162.5,134,3667246,23.5,2485,Snarl,Wild Charge,Close Combat,4,4,20,100000,Hero,蒼響
Alomomola,73.0,594,water,none,128.6,122.7,296,4668794,50.0,2452,Waterfall,Hydro Pump,Blizzard,10,10,5,75000,--,保母曼波
Cacturne,73.0,332,grass,dark,193.9,107.3,154,3204466,47.0,2495,Sucker Punch,Trailblaze,Dark Pulse,7,8,3,50000,Shadow,夢歌仙人掌
Gourgeist,73.0,711,ghost,grass,154.9,194.0,134,4027718,48.5,2498,Hex,Shadow Ball,Seed Bomb,5,4,5,75000,Small,南瓜怪人
Heracross,73.0,214,bug,fighting,174.1,138.6,148,3571673,29.5,2500,Counter,Rock Blast,Megahorn,7,10,3,50000,--,赫拉克羅斯
Slowbro,73.0,80,water,psychic,147.4,154.6,186,4238192,43.0,2499,Water Gun,Surf,Ice Beam,15,19,3,50000,--,呆殼獸
Drampa,72.9,780,normal,dragon,177.7,132.7,149,3513611,33.0,2500,Dragon Breath,Fly,Outrage,15,20,5,75000,--,老翁龍
Escavalier,72.9,589,bug,steel,172.3,151.1,139,3619610,34.0,2497,Counter,Drill Run,Megahorn,8,10,3,50000,Shadow,騎士蝸牛
Hitmonlee,72.9,106,fighting,none,182.7,156.4,119,3399624,41.5,2499,Double Kick,Close Combat,Blaze Kick,4,4,5,75000,--,飛腿郎
Landorus,72.9,645,ground,flying,179.4,132.9,145,3457683,25.5,2491,Mud Shot,Earth Power,Rock Slide,7,6,20,100000,Incarnate,土地雲
Torkoal,72.9,324,fire,none,139.5,183.2,157,4011742,50.0,2366,Fire Spin,Overheat,Earthquake,6,7,3,50000,--,煤炭龜
Tropius,72.9,357,grass,flying,126.9,149.6,199,3776755,50.0,2194,Air Slash,Leaf Blade,Brutal Swing,4,4,5,75000,--,熱帶龍
Swalot,72.8,317,poison,none,130.2,146.2,201,3827769,50.0,2236,Mud Shot,Sludge Bomb,Ice Beam,7,7,1,10000,--,吞食獸
Crobat,72.7,169,poison,flying,157.5,149.5,168,3955435,41.0,2500,Air Slash,Poison Fang,Shadow Ball,5,7,1,10000,--,叉字蝠
Banette,72.6,354,ghost,none,189.9,118.5,146,3285104,50.0,2499,Shadow Claw,Shadow Ball,Thunder,7,8,3,50000,--,詛咒娃娃
Tapu Koko,72.6,785,electric,fairy,184.0,138.4,133,3385775,28.5,2499,Volt Switch,Thunderbolt,Nature's Madness,4,4,20,100000,--,卡璞・鳴鳴
Dialga,72.5,483,steel,dragon,178.7,140.3,139,3485851,23.0,2496,Dragon Breath,Iron Head,Draco Meteor,17,22,20,100000,--,帝牙盧卡
Gardevoir,72.5,282,psychic,fairy,177.0,149.5,133,3519444,29.5,2500,Charm,Triple Axel,Shadow Ball,8,10,5,75000,--,沙奈朵
Kingdra,72.5,230,water,dragon,156.5,165.2,153,3954457,40.0,2490,Dragon Breath,Outrage,Octazooka,20,17,3,50000,Shadow,刺龍王
Slowking,72.5,199,water,psychic,147.4,154.6,186,4238192,43.0,2499,Water Gun,Surf,Psychic,15,19,3,50000,--,呆呆王
Wyrdeer,72.5,899,normal,psychic,163.0,122.6,190,3796873,37.5,2488,Confusion,Wild Charge,Stomp,4,4,5,75000,--,詭角鹿
Cloyster,72.4,91,water,ice,153.3,216.0,122,4039842,42.5,2489,Ice Shard,Icy Wind,Hydro Pump,5,8,3,50000,--,刺甲貝
Nihilego,72.4,793,rock,poison,164.5,139.9,165,3796292,23.5,2499,Poison Jab,Power Gem,Sludge Bomb,8,8,20,100000,--,虛吾伊德
Darmanitan,72.3,555,fire,none,193.7,93.6,176,3191384,29.5,2488,Incinerate,Overheat,Rock Slide,3,3,3,50000,Standard,達摩狒狒
Hitmonchan,72.2,107,fighting,none,169.2,173.3,125,3665277,47.0,2494,Counter,Close Combat,Ice Punch,8,7,5,75000,Shadow,快拳郎
Sirfetch'd,72.2,865,fighting,none,187.4,139.4,127,3318491,31.0,2499,Counter,Leaf Blade,Night Slash,6,6,3,50000,--,蔥遊兵
Typhlosion,72.2,157,fire,ghost,180.0,136.3,141,3459619,31.5,2499,Hex,Fire Punch,Shadow Ball,4,5,3,10000,Hisuian,火爆獸
Chimecho,72.0,358,psychic,none,157.1,155.5,162,3957283,50.0,2495,Astonish,Psyshock,Shadow Ball,5,6,5,75000,--,風鈴鈴
Diancie,72.0,719,rock,fairy,154.6,228.5,114,4026566,35.0,2497,Rock Throw,Power Gem,Moonblast,10,12,20,100000,--,蒂安希
Luxray,72.0,405,electric,none,179.1,126.2,154,3480709,34.0,2498,Snarl,Wild Charge,Psychic Fangs,4,3,5,75000,--,倫琴貓
Samurott,72.0,503,water,dark,171.1,128.2,166,3640573,36.0,2499,Fury Cutter,Icy Wind,Dark Pulse,12,13,3,10000,Hisuian,大劍鬼
Aggron,71.9,306,steel,rock,150.2,199.3,138,4132999,32.0,2495,Dragon Tail,Meteor Beam,Heavy Slam,7,6,1,10000,--,波士可多拉
Electivire,71.9,466,electric,none,185.1,130.2,139,3351363,30.0,2490,Thunder Shock,Wild Charge,Ice Punch,5,5,5,75000,--,電擊魔獸
Exploud,71.9,295,normal,none,158.0,124.2,201,3945180,46.5,2500,Astonish,Crunch,Disarming Voice,5,5,1,10000,Shadow,爆音怪
Heatmor,71.9,631,fire,none,172.7,118.7,175,3588455,48.0,2490,Fire Spin,Flamethrower,Thunder Punch,6,4,3,50000,--,熔蟻獸
Pinsir,71.9,127,bug,none,180.8,145.2,131,3437971,31.5,2500,Fury Cutter,Close Combat,X-Scissor,12,10,5,75000,--,凱羅斯
Rayquaza,71.9,384,dragon,flying,189.1,118.5,147,3293272,24.0,2497,Dragon Tail,Breaking Swipe,Dragon Ascent,4,8,20,100000,--,烈空坐
Crawdaunt,71.8,342,water,dark,187.0,126.3,141,3331349,46.0,2496,Snarl,Night Slash,Crabhammer,3,4,3,50000,--,鐵螯龍蝦
Flareon,71.7,136,fire,none,184.4,139.4,131,3369105,31.0,2495,Fire Spin,Superpower,Flamethrower,4,6,5,75000,--,火伊布
Glalie,71.7,362,ice,none,148.7,148.7,172,3804904,50.0,2380,Ice Shard,Avalanche,Shadow Ball,5,6,3,50000,--,冰鬼護
Latios,71.7,381,dragon,psychic,178.7,147.2,132,3472586,24.0,2492,Dragon Breath,Dragon Claw,Luster Purge,12,20,20,100000,--,拉帝歐斯
Exploud,71.6,295,normal,none,158.0,124.2,201,3945180,46.5,2500,Astonish,Crunch,Disarming Voice,5,5,1,10000,--,爆音怪
Honchkrow,71.6,430,dark,flying,193.3,91.2,183,3227317,37.0,2499,Snarl,Brave Bird,Dark Pulse,5,4,3,50000,Shadow,烏鴉頭頭
Infernape,71.5,392,fire,fighting,177.7,128.8,153,3502927,37.5,2500,Fire Spin,Close Combat,Blast Burn,5,5,3,10000,Shadow,烈焰猴
Luxray,71.5,405,electric,none,179.1,126.2,154,3480709,34.0,2498,Snarl,Wild Charge,Psychic Fangs,4,3,5,75000,Shadow,倫琴貓
Magmortar,71.5,467,fire,none,182.1,132.8,141,3409646,29.5,2496,Karate Chop,Fire Punch,Thunderbolt,5,7,5,75000,--,鴨嘴炎獸
Braviary,71.3,628,normal,flying,173.4,122.0,170,3595320,30.5,2500,Air Slash,Fly,Close Combat,5,5,5,75000,--,勇士雄鷹
Honchkrow,71.3,430,dark,flying,193.3,91.2,183,3227317,37.0,2499,Snarl,Brave Bird,Dark Pulse,5,4,3,50000,--,烏鴉頭頭
Scyther,71.2,123,bug,flying,173.1,143.6,144,3577958,37.5,2491,Fury Cutter,Night Slash,Aerial Ace,9,10,5,75000,Shadow,飛天螳螂
Zamazenta,71.2,889,fighting,none,168.4,162.5,134,3667246,23.5,2485,Snarl,Close Combat,Crunch,4,4,20,100000,Hero,藏瑪然特
Marowak,71.1,105,fire,ghost,133.6,168.9,142,3204426,50.0,2075,Fire Spin,Bone Club,Shadow Bone,4,5,3,50000,Alolan,嘎啦嘎啦
Nidoking,71.1,34,poison,ground,166.5,136.1,164,3714170,42.0,2486,Double Kick,Sand Tomb,Earth Power,4,5,3,50000,Shadow,尼多王
Weavile,71.1,461,dark,ice,183.7,136.1,136,3399317,30.0,2499,Snarl,Avalanche,Foul Play,4,4,3,50000,Shadow,瑪狃拉
Decidueye,71.0,724,grass,fighting,164.8,140.0,164,3785108,33.5,2498,Magical Leaf,Aura Sphere,Aerial Ace,6,4,3,10000,Hisuian,狙射樹梟
Moltres,70.9,146,fire,flying,176.7,134.8,148,3525574,26.5,2500,Fire Spin,Sky Attack,Ancient Power,6,5,20,100000,Shadow,火焰鳥
Zapdos,70.9,145,fighting,flying,174.4,136.9,149,3557352,26.0,2492,Counter,Ancient Power,Brave Bird,8,10,20,100000,Galarian,閃電鳥
Bouffalant,70.8,626,normal,none,153.7,150.6,175,4049855,35.5,2495,Mud Shot,Stomp,Megahorn,5,7,3,50000,--,爆炸頭水牛
Marowak,70.8,105,fire,ghost,133.6,168.9,142,3204426,50.0,2075,Fire Spin,Bone Club,Shadow Bone,4,5,3,50000,Alolan,嘎啦嘎啦
Groudon,70.7,383,ground,none,174.3,153.3,134,3580557,22.5,2500,Mud Shot,Precipice Blades,Fire Punch,8,5,20,100000,--,固拉多
Porygon2,70.7,233,normal,none,158.5,148.3,167,3925249,39.0,2495,Lock On,Tri Attack,Zap Cannon,10,16,3,50000,--,多邊獸Ⅱ
Weavile,70.7,461,dark,ice,183.7,136.1,136,3399317,30.0,2499,Snarl,Avalanche,Foul Play,4,4,3,50000,--,瑪狃拉
Ambipom,70.6,424,normal,none,173.8,127.5,162,3590127,47.5,2500,Astonish,Aerial Ace,Return,4,7,3,50000,--,雙尾怪手
Kleavor,70.5,900,bug,rock,186.3,134.5,133,3333748,29.0,2499,Quick Attack,X-Scissor,Stone Edge,5,7,5,75000,--,劈斧螳螂
Pinsir,70.5,127,bug,none,180.8,145.2,131,3437971,31.5,2500,Fury Cutter,Close Combat,X-Scissor,12,10,5,75000,Shadow,凱羅斯
Tyrantrum,70.5,697,rock,dragon,169.0,148.5,147,3690553,30.0,2498,Dragon Tail,Meteor Beam,Crunch,7,5,5,75000,--,怪顎龍
Zarude,70.5,893,dark,grass,163.8,147.0,157,3781239,23.5,2491,Vine Whip,Dark Pulse,Power Whip,7,7,20,100000,--,薩戮德
Manectric,70.4,310,electric,none,186.8,116.0,153,3315347,46.5,2488,Snarl,Wild Charge,Psychic Fangs,4,3,3,50000,--,雷電獸
Breloom,70.3,286,grass,fighting,194.2,122.9,134,3198410,40.5,2499,Force Palm,Dynamic Punch,Grass Knot,5,5,3,50000,--,斗笠菇
Hatterene,70.3,858,psychic,fairy,185.0,148.3,123,3374903,35.5,2499,Charm,Psyshock,Power Whip,8,9,5,50000,--,布莉姆溫
Huntail,70.3,367,water,none,173.6,159.6,130,3602634,46.5,2500,Water Gun,Aqua Tail,Crunch,12,15,3,50000,--,獵斑魚
Vespiquen,70.3,416,bug,flying,137.8,172.3,157,3727058,50.0,2267,Poison Sting,X-Scissor,Power Gem,5,6,3,50000,--,蜂女王
Wailord,70.3,321,water,none,157.1,83.2,304,3973920,50.0,2499,Water Gun,Scald,Blizzard,17,25,1,10000,--,吼鯨王
Blissey,70.2,242,normal,none,104.8,143.8,395,5952508,38.5,2499,Zen Headbutt,Wild Charge,Psychic,8,10,5,75000,--,幸福蛋
Leafeon,70.2,470,grass,none,164.4,173.3,132,3760297,32.0,2489,Bullet Seed,Leaf Blade,Last Resort,3,5,5,75000,--,葉伊布
Tsareena,70.1,763,grass,none,168.8,154.6,141,3678618,32.5,2499,Magical Leaf,Triple Axel,High Jump Kick,5,6,3,10000,--,甜冷美后
Garchomp,70.0,445,dragon,ground,171.1,132.0,161,3634545,23.0,2496,Dragon Tail,Sand Tomb,Outrage,5,7,5,75000,--,烈咬陸鯊
Necrozma,70.0,800,psychic,steel,178.7,148.9,131,3485668,22.5,2497,Shadow Claw,Dark Pulse,Sunsteel Strike,7,9,20,100000,Dusk Mane,奈克洛茲瑪
Slowking,69.9,199,water,psychic,147.4,154.6,186,4238192,43.0,2499,Water Gun,Surf,Psychic,15,19,3,50000,Shadow,呆呆王
Heliolisk,69.8,695,electric,normal,179.0,141.3,138,3490724,42.5,2500,Volt Switch,Breaking Swipe,Parabolic Charge,3,4,3,50000,--,光電傘蜥
Mewtwo,69.8,150,psychic,none,190.5,122.2,140,3258153,22.0,2494,Psycho Cut,Psystrike,Shadow Ball,5,7,20,100000,--,超夢
Quaquaval,69.8,914,water,fighting,177.8,127.8,154,3500692,30.5,2497,Wing Attack,Close Combat,Liquidation,7,7,3,10000,--,狂歡浪舞鴨
Ribombee,69.8,743,bug,fairy,179.0,135.3,142,3438449,50.0,2488,Fairy Wind,Bug Buzz,Dazzling Gleam,7,8,1,10000,--,蝶結萌虻
Slowbro,69.8,80,water,psychic,147.4,154.6,186,4238192,43.0,2499,Water Gun,Surf,Ice Beam,15,19,3,50000,Shadow,呆殼獸
Swanna,69.8,581,water,flying,165.5,123.5,164,3353483,50.0,2361,Water Gun,Fly,Ice Beam,15,19,3,50000,--,舞天鵝
Tornadus,69.8,641,flying,none,174.0,144.8,142,3577332,28.5,2500,Gust,Bleakwind Storm,Focus Blast,4,7,20,100000,Therian,龍捲雲
Bisharp,69.7,625,dark,steel,179.8,143.4,134,3454422,34.5,2494,Snarl,Dark Pulse,Iron Head,4,4,5,75000,--,劈斬司令
Garchomp,69.7,445,dragon,ground,171.1,132.0,161,3634545,23.0,2496,Dragon Tail,Sand Tomb,Outrage,5,7,5,75000,Shadow,烈咬陸鯊
Stakataka,69.7,805,rock,steel,154.1,217.7,120,4026104,28.0,2492,Rock Throw,Stone Edge,Bulldoze,11,12,20,100000,--,壘磊石
Lycanroc,69.6,745,rock,none,184.6,120.0,152,3365988,38.0,2498,Sucker Punch,Stone Edge,Drill Run,8,7,5,50000,Midday,鬃岩狼人
Zebstrika,69.6,523,electric,none,178.0,125.0,157,3492769,47.5,2495,Spark,Wild Charge,Flame Charge,7,8,3,50000,--,雷電斑馬
Crocalor,69.5,910,fire,none,148.7,125.2,173,3221621,50.0,2189,Incinerate,Crunch,Flamethrower,3,3,3,10000,--,炙燙鱷
Pawmot,69.5,923,electric,fighting,186.6,122.8,145,3324397,39.5,2496,Spark,Close Combat,Wild Charge,7,7,3,75000,--,巴布土撥
Girafarig,69.4,203,normal,psychic,165.5,124.4,157,3232186,50.0,2314,Double Kick,Psychic Fangs,Trailblaze,3,4,3,50000,Shadow,麒麟奇
Arcanine,69.3,59,fire,none,171.2,130.6,163,3643261,31.0,2497,Snarl,Wild Charge,Psychic Fangs,4,3,3,50000,Shadow,風速狗
Ursaluna,69.3,901,ground,normal,162.5,125.6,188,3839029,23.5,2500,Tackle,Swift,High Horsepower,12,20,3,50000,--,月月熊
Meloetta,69.2,648,normal,psychic,164.7,150.2,151,3735910,22.5,2484,Quick Attack,Psyshock,Dazzling Gleam,6,9,20,100000,Aria,美洛耶塔
Seviper,69.2,336,poison,none,177.3,111.8,161,3190279,50.0,2380,Poison Jab,Crunch,Poison Fang,7,6,3,50000,--,飯匙蛇
Porygon2,69.1,233,normal,none,158.5,148.3,167,3925249,39.0,2495,Lock On,Tri Attack,Zap Cannon,10,16,3,50000,Shadow,多邊獸Ⅱ
Scyther,69.1,123,bug,flying,173.1,143.6,144,3577958,37.5,2491,Fury Cutter,Night Slash,X-Scissor,9,10,5,75000,--,飛天螳螂
Thundurus,69.1,642,electric,flying,199.7,114.9,135,3097423,25.0,2492,Volt Switch,Wildbolt Storm,Focus Blast,3,5,20,100000,Therian,雷電雲
Banette,69.0,354,ghost,none,192.3,115.5,146,3243848,47.0,2498,Shadow Claw,Shadow Ball,Thunder,7,8,3,50000,Shadow,詛咒娃娃
Arboliva,68.9,930,grass,normal,166.7,151.1,148,3727859,31.5,2494,Magical Leaf,Earth Power,Trailblaze,6,5,3,50000,--,奧利瓦
Cloyster,68.9,91,water,ice,153.3,216.0,122,4039842,42.5,2489,Ice Shard,Icy Wind,Hydro Pump,5,8,3,50000,Shadow,刺甲貝
Keldeo,68.9,647,water,fighting,177.4,134.8,145,3466877,24.0,2482,Poison Jab,Hydro Pump,Sacred Sword,11,5,20,100000,Ordinary,凱路迪歐
Electabuzz,68.8,125,electric,none,173.6,142.3,145,3583349,46.5,2499,Thunder Shock,Thunder Punch,Thunderbolt,5,7,5,75000,Shadow,電擊獸
Glalie,68.8,362,ice,none,148.7,148.7,172,3804904,50.0,2380,Ice Shard,Avalanche,Shadow Ball,5,6,3,50000,Shadow,冰鬼護
Latias,68.8,380,dragon,psychic,159.5,178.1,137,3893026,26.5,2497,Dragon Breath,Mist Ball,Thunder,20,20,20,100000,--,拉帝亞斯
Lugia,68.8,249,psychic,flying,132.3,213.7,166,4692350,25.0,2493,Dragon Tail,Aeroblast,Sky Attack,9,7,20,100000,Shadow,洛奇亞
Zygarde,68.8,718,dragon,ground,177.4,155.2,127,3496421,47.0,2491,Dragon Tail,Crunch,Earthquake,5,8,20,100000,10% Forme,基格爾德
Glaceon,68.7,471,ice,none,176.3,157.4,127,3525617,29.5,2500,Ice Shard,Avalanche,Icy Wind,5,5,5,75000,--,冰伊布
Gothitelle,68.7,576,psychic,none,149.0,182.1,153,4151848,47.5,2488,Confusion,Rock Slide,Future Sight,4,6,3,50000,--,哥德小姐
Metagross,68.7,376,steel,psychic,172.1,156.4,134,3607384,24.0,2493,Bullet Punch,Meteor Mash,Earthquake,8,10,5,75000,--,巨金怪
Beartic,68.6,614,ice,none,173.4,121.5,169,3559666,30.0,2484,Powder Snow,Ice Punch,Liquidation,5,6,3,50000,--,凍原熊
Celebi,68.6,251,psychic,grass,155.5,154.8,166,3996896,27.5,2493,Confusion,Seed Bomb,Leaf Storm,4,5,20,100000,--,時拉比
Golbat,68.6,42,poison,flying,147.9,138.6,164,3362863,50.0,2234,Wing Attack,Poison Fang,Shadow Ball,6,8,1,10000,Shadow,大嘴蝠
Manectric,68.6,310,electric,none,186.8,116.0,153,3315347,46.5,2488,Snarl,Wild Charge,Psychic Fangs,4,3,3,50000,Shadow,雷電獸
Necrozma,68.6,800,psychic,ghost,178.7,148.9,131,3485668,22.5,2497,Shadow Claw,Dark Pulse,Moongeist Beam,7,9,20,100000,Dawn Wings,奈克洛茲瑪
Zebstrika,68.6,523,electric,none,178.0,125.0,157,3492769,47.5,2495,Spark,Wild Charge,Flame Charge,7,8,3,50000,Shadow,雷電斑馬
Groudon,68.5,383,ground,none,174.3,153.3,134,3580557,22.5,2500,Mud Shot,Precipice Blades,Fire Punch,8,5,20,100000,Shadow,固拉多
Simisear,68.5,514,fire,none,176.6,122.4,163,3523110,48.5,2495,Fire Spin,Crunch,Flamethrower,5,6,3,50000,--,爆香猿
Tangela,68.4,114,grass,none,165.4,153.7,148,3762095,49.0,2500,Vine Whip,Grass Knot,Sludge Bomb,7,7,3,50000,--,蔓藤怪
Girafarig,68.3,203,normal,psychic,165.5,124.4,157,3232186,50.0,2314,Double Kick,Psychic Fangs,Trailblaze,3,4,3,50000,--,麒麟奇
Sudowoodo,68.3,185,rock,none,152.9,160.5,157,3853658,50.0,2428,Counter,Meteor Beam,Trailblaze,10,8,5,75000,--,樹才怪
Ambipom,68.2,424,normal,none,173.8,127.5,162,3590127,47.5,2500,Astonish,Aerial Ace,Low Sweep,4,4,3,50000,Shadow,雙尾怪手
Exeggutor,68.2,103,grass,dragon,172.7,122.9,169,3587353,30.0,2489,Dragon Tail,Seed Bomb,Draco Meteor,5,8,3,50000,Alolan,椰蛋樹
Golbat,68.2,42,poison,flying,147.9,138.6,164,3362863,50.0,2234,Wing Attack,Poison Fang,Shadow Ball,6,8,1,10000,--,大嘴蝠
Nidoking,68.2,34,poison,ground,166.5,136.1,164,3714170,42.0,2486,Double Kick,Sand Tomb,Earth Power,4,5,3,50000,--,尼多王
Shiinotic,68.2,756,grass,fairy,142.0,153.8,142,3100951,50.0,2104,Astonish,Moonblast,Seed Bomb,6,5,3,50000,--,燈罩夜菇
Ursaluna,68.2,901,ground,normal,162.5,125.6,188,3839029,23.5,2500,Tackle,Swift,Trailblaze,12,15,3,50000,Shadow,月月熊
Probopass,68.1,476,rock,steel,126.0,243.7,142,4361605,50.0,2351,Spark,Rock Slide,Zap Cannon,7,12,3,50000,--,大朝北鼻
Sceptile,68.1,254,grass,none,175.5,140.7,143,3531846,37.0,2490,Bullet Seed,Leaf Blade,Breaking Swipe,3,3,3,10000,Shadow,蜥蜴王
Zweilous,68.1,634,dark,dragon,146.2,126.0,160,2948691,50.0,2079,Dragon Breath,Dark Pulse,Body Slam,17,12,5,75000,--,雙首暴龍
Cinderace,68.0,815,fire,none,179.3,129.1,150,3471978,31.0,2499,Fire Spin,Flamethrower,Flame Charge,6,5,3,10000,--,閃焰王牌
Sceptile,68.0,254,grass,none,175.5,140.7,143,3531846,37.0,2490,Bullet Seed,Leaf Blade,Breaking Swipe,3,3,3,10000,--,蜥蜴王
Gurdurr,67.9,533,fighting,none,163.9,125.2,178,3651822,50.0,2452,Poison Jab,Brick Break,Stone Edge,6,8,5,75000,--,鐵骨土人
Lopunny,67.9,428,normal,none,143.7,175.6,149,3760083,50.0,2328,Double Kick,Triple Axel,Fire Punch,4,4,3,50000,--,長耳兔
Electrode,67.8,101,electric,none,158.0,158.0,142,3543829,50.0,2373,Volt Switch,Discharge,Foul Play,3,3,3,50000,Shadow,頑皮雷彈
Hypno,67.8,97,psychic,none,133.6,174.8,178,4156705,50.0,2363,Confusion,Fire Punch,Ice Punch,4,4,3,50000,Shadow,引夢貘人
Aggron,67.7,306,steel,rock,150.2,199.3,138,4132999,32.0,2495,Dragon Tail,Meteor Beam,Heavy Slam,7,6,1,10000,Shadow,波士可多拉
Articuno,67.7,144,psychic,flying,172.0,141.7,148,3606538,25.5,2494,Psycho Cut,Ancient Power,Brave Bird,5,7,20,100000,Galarian,急凍鳥
Exeggutor,67.7,103,grass,dragon,172.7,122.9,169,3587353,30.0,2489,Dragon Tail,Seed Bomb,Draco Meteor,5,8,3,50000,Alolan,椰蛋樹
Kecleon,67.7,352,normal,none,147.9,171.4,142,3599979,50.0,2314,Sucker Punch,Aerial Ace,Foul Play,6,7,5,75000,--,變隱龍
Klinklang,67.7,601,steel,none,160.6,180.3,133,3852914,39.5,2488,Thunder Shock,Mirror Shot,Zap Cannon,4,9,5,75000,--,齒輪怪
Swanna,67.6,581,water,flying,165.5,123.5,164,3353483,50.0,2361,Water Gun,Fly,Ice Beam,15,19,3,50000,Shadow,舞天鵝
Houndoom,67.5,229,dark,fire,180.2,125.7,152,3441593,40.0,2494,Snarl,Crunch,Flamethrower,4,5,3,50000,Shadow,黑魯加
Rotom,67.5,479,electric,water,167.5,183.5,121,3719845,41.5,2499,Astonish,Thunderbolt,Hydro Pump,6,8,5,75000,Wash,洛托姆
Simisage,67.5,512,grass,none,176.6,122.4,163,3523110,48.5,2495,Vine Whip,Crunch,Grass Knot,6,7,3,50000,--,花椰猿
Jumpluff,67.4,189,grass,flying,111.8,166.4,164,3049506,50.0,1850,Fairy Wind,Aerial Ace,Acrobatics,5,7,3,50000,Shadow,毽子棉
Toxapex,67.4,748,poison,water,108.4,242.0,127,3331614,50.0,1905,Poison Jab,Brine,Sludge Wave,8,10,3,50000,--,超壞星
Lycanroc,67.3,745,rock,none,186.3,119.5,150,3339023,37.5,2498,Sucker Punch,Stone Edge,Trailblaze,8,7,5,50000,Dusk,鬃岩狼人
Omastar,67.3,139,rock,water,163.3,163.3,143,3813506,36.5,2497,Mud Shot,Rock Slide,Rock Blast,6,5,5,75000,Shadow,多刺菊石獸
Probopass,67.3,476,rock,steel,126.0,243.7,142,4361605,50.0,2351,Spark,Rock Slide,Zap Cannon,7,12,3,50000,Shadow,大朝北鼻
Tauros,67.3,128,normal,none,160.9,157.0,153,3865309,40.5,2494,Tackle,Trailblaze,Horn Attack,15,12,3,50000,--,肯泰羅
Tangela,67.2,114,grass,none,165.4,153.7,148,3762095,49.0,2500,Vine Whip,Grass Knot,Sludge Bomb,7,7,3,50000,Shadow,蔓藤怪
Beedrill,67.0,15,bug,poison,154.6,121.8,149,2806990,50.0,2087,Poison Jab,Drill Run,X-Scissor,7,6,1,10000,Shadow,大針蜂
Carnivine,67.0,455,grass,none,169.7,126.9,163,3510627,50.0,2441,Vine Whip,Crunch,Power Whip,6,7,5,75000,--,尖牙籠
Gurdurr,67.0,533,fighting,none,163.9,125.2,178,3651822,50.0,2452,Poison Jab,Brick Break,Stone Edge,6,8,5,75000,Shadow,鐵骨土人
Weezing,67.0,110,poison,none,153.8,177.3,148,4035190,50.0,2497,Infestation,Sludge Bomb,Shadow Ball,5,5,3,50000,--,雙彈瓦斯
Electabuzz,66.9,125,electric,none,170.9,143.3,149,3648356,49.5,2498,Thunder Shock,Thunder Punch,Return,5,8,5,75000,--,電擊獸
Jumpluff,66.9,189,grass,flying,111.8,166.4,164,3049506,50.0,1850,Fairy Wind,Aerial Ace,Acrobatics,5,7,3,50000,--,毽子棉
Latias,66.9,380,dragon,psychic,159.5,178.1,137,3893026,26.5,2497,Dragon Breath,Mist Ball,Thunder,20,20,20,100000,Shadow,拉帝亞斯
Tyranitar,66.9,248,rock,dark,167.7,143.8,154,3713313,23.5,2496,Smack Down,Brutal Swing,Stone Edge,5,7,5,75000,Shadow,班基拉斯
Meowscarada,66.8,908,grass,dark,181.2,125.4,151,3430112,35.5,2495,Leafage,Night Slash,Grass Knot,5,8,3,10000,--,魔幻假面喵
Carracosta,66.7,565,water,rock,155.4,167.3,153,3977055,40.5,2486,Water Gun,Liquidation,Ancient Power,15,15,5,75000,--,肋骨海龜
Houndoom,66.7,229,dark,fire,180.2,125.7,152,3441593,40.0,2494,Snarl,Crunch,Flamethrower,4,5,3,50000,--,黑魯加
Thundurus,66.7,642,electric,flying,189.8,123.3,140,3277023,27.5,2495,Astonish,Crunch,Thunder,5,6,20,100000,Incarnate,雷電雲
Braviary,66.6,628,psychic,flying,166.5,114.3,196,3732007,36.0,2495,Air Slash,Brave Bird,Fly,7,5,5,75000,Hisuian,勇士雄鷹
Oricorio,66.4,741,electric,flying,172.6,130.8,160,3612607,45.5,2499,Air Slash,Aerial Ace,Hurricane,5,8,3,75000,Pom-Pom,花舞鳥
Rotom,66.4,479,electric,grass,167.5,183.5,121,3719845,41.5,2499,Astonish,Thunderbolt,Ominous Wind,6,5,5,75000,Mow,洛托姆
Necrozma,66.3,800,psychic,none,171.0,138.9,153,3634644,25.0,2498,Shadow Claw,Dark Pulse,Future Sight,7,9,20,100000,--,奈克洛茲瑪
Simipour,66.3,516,water,none,176.6,122.4,163,3523110,48.5,2495,Water Gun,Surf,Crunch,15,15,3,50000,--,冷水猿
Slowking,66.3,199,poison,psychic,151.7,151.7,178,4094527,38.5,2493,Hex,Surf,Shadow Ball,4,5,3,50000,Galarian,呆呆王
Rotom,66.2,479,electric,ice,167.5,183.5,121,3719845,41.5,2499,Thunder Shock,Thunderbolt,Blizzard,7,9,5,75000,Frost,洛托姆
Tyranitar,66.2,248,rock,dark,167.7,143.8,154,3713313,23.5,2496,Smack Down,Brutal Swing,Stone Edge,5,7,5,75000,--,班基拉斯
Carracosta,66.1,565,water,rock,155.4,167.3,153,3977055,40.5,2486,Water Gun,Liquidation,Ancient Power,15,15,5,75000,Shadow,肋骨海龜
Wailord,66.1,321,water,none,157.1,83.2,304,3973920,50.0,2499,Water Gun,Scald,Blizzard,17,25,1,10000,Shadow,吼鯨王
Comfey,66.0,764,fairy,none,151.3,193.3,129,3771020,50.0,2392,Vine Whip,Grass Knot,Draining Kiss,7,7,3,50000,--,花療環環
Electrode,66.0,101,electric,none,158.0,158.0,142,3543829,50.0,2373,Volt Switch,Discharge,Foul Play,3,3,3,50000,--,頑皮雷彈
Emboar,65.9,500,fire,fighting,178.5,104.1,188,3494597,32.0,2498,Ember,Blast Burn,Rock Slide,9,8,3,10000,--,炎武王
Mr. Rime,65.9,866,ice,psychic,165.9,146.0,155,3754602,35.5,2497,Ice Shard,Icy Wind,Psychic,5,6,5,75000,--,踏冰人偶
Beedrill,65.8,15,bug,poison,154.6,121.8,149,2806990,50.0,2087,Poison Jab,Drill Run,X-Scissor,7,6,1,10000,--,大針蜂
Chandelure,65.8,609,ghost,fire,194.8,137.3,119,3182125,27.5,2490,Fire Spin,Shadow Ball,Flame Charge,6,5,5,75000,--,水晶燈火靈
Kingler,65.7,99,water,none,187.3,148.3,120,3333406,35.5,2498,Bubble,Crabhammer,X-Scissor,5,4,3,50000,--,巨鉗蟹
Mesprit,65.7,481,psychic,none,159.4,166.7,147,3905898,31.0,2499,Confusion,Swift,Future Sight,3,6,20,100000,--,艾姆利多
Oricorio,65.7,741,fire,flying,172.6,130.8,160,3612607,45.5,2499,Air Slash,Aerial Ace,Hurricane,5,8,3,75000,Baile,花舞鳥
Lairon,65.6,305,steel,rock,145.4,179.0,142,3694731,50.0,2324,Metal Claw,Rock Slide,Body Slam,7,5,1,10000,Shadow,可多拉
Archeops,65.5,567,rock,flying,208.1,107.9,133,2985371,27.5,2499,Wing Attack,Ancient Power,Dragon Claw,7,5,5,75000,Shadow,始祖大鳥
Vileplume,65.5,45,grass,poison,165.4,146.1,155,3745323,42.5,2494,Razor Leaf,Sludge Bomb,Moonblast,13,15,3,50000,Shadow,霸王花
Armaldo,65.3,348,rock,bug,172.2,143.4,146,3604964,34.5,2495,Fury Cutter,Rock Blast,Liquidation,10,12,3,50000,Shadow,太古盔甲
Gothitelle,65.3,576,psychic,none,149.0,182.1,153,4151848,47.5,2488,Confusion,Rock Slide,Future Sight,4,6,3,50000,Shadow,哥德小姐
Kabutops,65.3,141,rock,water,175.8,155.4,130,3549720,39.0,2500,Fury Cutter,Stone Edge,Ancient Power,14,12,5,75000,--,鐮刀盔
Rotom,65.3,479,electric,ghost,168.1,146.2,127,3120698,50.0,2296,Astonish,Thunderbolt,Ominous Wind,6,5,5,75000,--,洛托姆
Stonjourner,65.3,874,rock,none,162.6,141.0,167,3828430,29.0,2499,Rock Throw,Stone Edge,Rock Slide,11,9,5,75000,--,巨石丁
Boldore,65.2,525,rock,none,158.8,132.8,157,3310452,50.0,2293,Mud Slap,Stone Edge,Rock Slide,6,5,3,50000,--,地幔岩
Dunsparce,65.2,206,normal,none,122.7,120.2,201,2963150,50.0,1909,Rollout,Drill Run,Rock Slide,4,4,3,50000,--,土龍弟弟
Floatzel,65.2,419,water,none,184.0,105.5,173,3358278,45.5,2488,Waterfall,Liquidation,Swift,6,5,3,50000,--,浮潛鼬
Espeon,65.1,196,psychic,none,191.1,134.8,126,3246027,28.5,2500,Confusion,Psychic Fangs,Shadow Ball,3,5,5,75000,--,太陽伊布
Vileplume,65.0,45,grass,poison,165.4,146.1,155,3745323,42.5,2494,Razor Leaf,Sludge Bomb,Moonblast,13,15,3,50000,--,霸王花
Boldore,64.8,525,rock,none,158.8,132.8,157,3310452,50.0,2293,Mud Slap,Stone Edge,Rock Slide,6,5,3,50000,Shadow,地幔岩
Dodrio,64.8,85,normal,flying,186.0,127.3,141,3339645,49.5,2497,Steel Wing,Brave Bird,Drill Peck,10,7,3,50000,--,嘟嘟利
Meowstic,64.8,678,psychic,none,152.1,152.9,163,3791459,50.0,2401,Sucker Punch,Psychic,Thunderbolt,8,8,3,50000,Male,超能妙喵
Metagross,64.8,376,steel,psychic,172.1,156.4,134,3607384,24.0,2493,Bullet Punch,Meteor Mash,Psychic,8,8,5,75000,Shadow,巨金怪
Yanmega,64.8,469,bug,flying,176.3,125.9,159,3530271,31.5,2496,Wing Attack,Aerial Ace,Ancient Power,6,7,3,50000,--,遠古巨蜓
Arcanine,64.6,59,fire,none,171.2,130.6,163,3643261,31.0,2497,Snarl,Crunch,Flamethrower,4,5,3,50000,--,風速狗
Lairon,64.6,305,steel,rock,145.4,179.0,142,3694731,50.0,2324,Metal Claw,Rock Slide,Body Slam,7,5,1,10000,--,可多拉
Basculin,64.5,550,water,none,171.4,121.0,157,3256575,50.0,2363,Water Gun,Aqua Tail,Muddy Water,12,12,1,10000,--,野蠻鱸魚
Jolteon,64.4,135,electric,none,178.4,147.7,132,3479068,33.0,2498,Volt Switch,Discharge,Last Resort,3,4,5,75000,--,雷伊布
Sawk,64.4,539,fighting,none,181.3,127.2,149,3434728,35.0,2497,Poison Jab,Body Slam,Brick Break,5,6,5,75000,Shadow,打擊鬼
Shelgon,64.2,372,dragon,none,157.1,142.9,149,3344610,50.0,2296,Dragon Breath,Flamethrower,Dragon Pulse,19,20,5,75000,--,甲殼龍
Torterra,64.0,389,grass,ground,155.1,152.1,170,4008159,33.5,2493,Razor Leaf,Frenzy Plant,Stone Edge,12,14,3,10000,Shadow,土台龜
Weezing,63.9,110,poison,none,154.9,175.7,147,4001272,48.5,2493,Infestation,Sludge Bomb,Shadow Ball,5,5,3,50000,Shadow,雙彈瓦斯
Aerodactyl,63.8,142,rock,flying,174.0,134.5,153,3580896,37.0,2496,Rock Throw,Rock Slide,Earth Power,9,11,5,75000,Shadow,化石翼龍
Omastar,63.8,139,rock,water,163.3,163.3,143,3813506,36.5,2497,Mud Shot,Rock Slide,Rock Blast,6,5,5,75000,--,多刺菊石獸
Togetic,63.7,176,fairy,flying,129.4,164.7,135,2877261,50.0,1931,Fairy Wind,Aerial Ace,Ancient Power,5,5,3,50000,--,波克基古
Lycanroc,63.6,745,rock,none,171.8,127.9,164,3602247,36.5,2488,Counter,Psychic Fangs,Crunch,6,8,5,50000,Midnight,鬃岩狼人
Moltres,63.5,146,fire,flying,176.7,134.8,148,3525574,26.5,2500,Fire Spin,Sky Attack,Overheat,6,6,20,100000,--,火焰鳥
Aerodactyl,63.4,142,rock,flying,174.0,134.5,153,3580896,37.0,2496,Rock Throw,Rock Slide,Earth Power,9,11,5,75000,--,化石翼龍
Armaldo,63.4,348,rock,bug,172.2,143.4,146,3604964,34.5,2495,Fury Cutter,Rock Blast,Liquidation,10,12,3,50000,--,太古盔甲
Gligar,63.3,207,ground,flying,132.8,167.2,149,3307998,50.0,2099,Fury Cutter,Night Slash,Aerial Ace,9,10,5,75000,--,天蠍
Graveler,63.3,75,rock,electric,150.4,150.4,135,3054278,50.0,2145,Volt Switch,Stone Edge,Rock Blast,4,3,1,10000,Alolan,隆隆石
Komala,63.2,775,normal,none,176.1,144.1,139,3525459,42.0,2493,Rollout,Payback,Play Rough,5,5,3,50000,--,樹枕尾熊
Maushold,63.2,925,normal,none,146.2,144.5,163,3444562,50.0,2244,Mud Shot,Swift,Crunch,5,6,1,10000,--,一家鼠
Munchlax,63.2,446,normal,none,127.7,110.9,252,3570153,50.0,2139,Tackle,Body Slam,Bulldoze,12,20,5,10000,--,小卡比獸
Sharpedo,63.1,319,water,dark,216.8,82.3,157,2802942,50.0,2466,Waterfall,Crunch,Poison Fang,6,5,3,50000,Shadow,巨牙鯊
Sudowoodo,63.1,185,rock,none,152.9,160.5,157,3853658,50.0,2428,Counter,Meteor Beam,Trailblaze,10,8,5,75000,Shadow,樹才怪
Beheeyem,63.0,606,psychic,none,174.1,136.3,150,3560325,36.5,2497,Astonish,Rock Slide,Dark Pulse,5,5,3,50000,--,大宇怪
Gligar,63.0,207,ground,flying,132.8,167.2,149,3307998,50.0,2099,Wing Attack,Aerial Ace,Night Slash,6,5,5,75000,Shadow,天蠍
Kyogre,63.0,382,water,none,174.3,153.3,134,3580557,22.5,2500,Waterfall,Surf,Origin Pulse,6,8,20,100000,--,蓋歐卡
Regidrago,62.9,895,dragon,none,154.1,85.9,305,4038371,31.5,2498,Bite,Breaking Swipe,Outrage,18,30,20,100000,--,雷吉鐸拉戈
Masquerain,62.7,284,bug,flying,171.2,136.2,156,3637065,49.0,2497,Infestation,Lunge,Air Cutter,4,5,1,10000,--,雨翅蛾
Oricorio,62.7,741,ghost,flying,172.6,130.8,160,3612607,45.5,2499,Air Slash,Aerial Ace,Hurricane,5,8,3,75000,Sensu,花舞鳥
Zoroark,62.7,571,dark,none,204.2,112.5,133,3055646,41.5,2500,Shadow Claw,Foul Play,Night Shade,6,6,5,75000,--,索羅亞克
Grumpig,62.3,326,psychic,none,146.6,169.2,170,4218159,49.5,2493,Extrasensory,Shadow Ball,Psychic,6,6,1,10000,--,噗噗豬
Marshtomp,62.3,259,water,ground,143.7,124.4,157,2805603,50.0,2008,Mud Shot,Mud Bomb,Surf,5,6,3,10000,--,沼躍魚
Cherrim,62.2,421,grass,none,155.5,141.2,157,3445477,50.0,2315,Bullet Seed,Weather Ball (Fire),Solar Beam,3,7,1,10000,Sunshine,櫻花兒
Marshtomp,62.2,259,water,ground,143.7,124.4,157,2805603,50.0,2008,Mud Shot,Mud Bomb,Surf,5,6,3,10000,Shadow,沼躍魚
Torterra,62.2,389,grass,ground,155.1,152.1,170,4008159,33.5,2493,Razor Leaf,Frenzy Plant,Stone Edge,12,14,3,10000,--,土台龜
Archeops,62.1,567,rock,flying,208.1,107.9,133,2985371,27.5,2499,Wing Attack,Ancient Power,Dragon Claw,7,5,5,75000,--,始祖大鳥
Purugly,62.1,432,normal,none,157.1,124.4,158,3087658,50.0,2208,Shadow Claw,Aerial Ace,Thunder,5,8,3,50000,Shadow,東施喵
Sharpedo,62.1,319,water,dark,216.8,82.3,157,2802942,50.0,2466,Waterfall,Crunch,Poison Fang,6,5,3,50000,--,巨牙鯊
Shelgon,62.1,372,dragon,none,157.1,142.9,149,3344610,50.0,2296,Dragon Breath,Flamethrower,Dragon Pulse,19,20,5,75000,Shadow,甲殼龍
Carbink,62.0,703,rock,fairy,92.4,252.1,127,2959282,50.0,1658,Rock Throw,Power Gem,Moonblast,10,12,5,75000,--,小碎鑽
Cinccino,62.0,573,normal,none,176.8,121.5,163,3500440,49.5,2490,Charm,Aqua Tail,Thunderbolt,6,10,3,50000,--,奇諾栗鼠
Kyogre,61.9,382,water,none,174.3,153.3,134,3580557,22.5,2500,Waterfall,Surf,Origin Pulse,6,8,20,100000,Shadow,蓋歐卡
Toucannon,61.8,733,normal,flying,176.8,125.4,158,3503553,38.0,2496,Bullet Seed,Drill Peck,Rock Blast,4,4,1,10000,--,銃嘴大鳥
Graveler,61.5,75,rock,electric,150.4,150.4,135,3054278,50.0,2145,Volt Switch,Stone Edge,Rock Blast,4,3,1,10000,Alolan,隆隆石
Absol,61.4,359,dark,none,201.5,107.6,142,3078122,42.5,2491,Snarl,Dark Pulse,Megahorn,4,5,5,75000,Shadow,阿勃梭魯
Sawk,61.4,539,fighting,none,181.3,127.2,149,3434728,35.0,2497,Poison Jab,Body Slam,Brick Break,5,6,5,75000,--,打擊鬼
Purugly,61.3,432,normal,none,157.1,124.4,158,3087658,50.0,2208,Shadow Claw,Aerial Ace,Thunder,5,8,3,50000,--,東施喵
Sawsbuck,61.3,586,normal,grass,167.5,131.2,169,3715383,47.0,2496,Feint Attack,Wild Charge,Trailblaze,8,8,3,50000,--,萌芽鹿
Clawitzer,61.2,693,water,none,174.1,142.5,144,3572394,36.5,2494,Water Gun,Crabhammer,Dark Pulse,17,17,3,50000,--,鋼炮臂蝦
Magcargo,61.2,219,fire,rock,129.4,173.1,127,2844857,50.0,1924,Incinerate,Stone Edge,Overheat,3,3,1,10000,--,熔岩蝸牛
Stantler,61.2,234,normal,none,173.9,122.7,161,3435721,50.0,2447,Tackle,Wild Charge,Stomp,15,14,3,50000,Shadow,驚角鹿
Vigoroth,61.1,288,normal,none,146.2,134.4,172,3381166,50.0,2225,Counter,Body Slam,Rock Slide,6,8,5,75000,--,過動猿
Misdreavus,61.0,200,ghost,none,152.9,142.0,142,3084006,50.0,2178,Astonish,Dark Pulse,Shadow Sneak,5,5,3,50000,Shadow,夢妖
Shaymin,61.0,492,grass,flying,180.5,121.2,158,3458020,26.0,2498,Magical Leaf,Grass Knot,Energy Ball,5,6,20,100000,Sky,謝米
Kartana,60.9,798,grass,steel,218.4,127.6,102,2842159,25.0,2493,Razor Leaf,Leaf Blade,Night Slash,9,9,20,100000,--,紙御劍
Sunflora,60.9,192,grass,none,168.1,126.0,164,3474032,50.0,2421,Bullet Seed,Sludge Bomb,Leaf Storm,4,5,3,50000,--,向日花怪
Alakazam,60.8,65,psychic,none,202.8,128.6,118,3076789,30.5,2500,Psycho Cut,Fire Punch,Shadow Ball,5,7,3,50000,Shadow,胡地
Azumarill,60.8,184,water,fairy,106.7,140.3,201,3010128,50.0,1795,Bubble,Ice Beam,Play Rough,5,6,3,50000,--,瑪力露麗
Venomoth,60.7,49,bug,poison,163.0,132.8,157,3398030,50.0,2354,Confusion,Poison Fang,Silver Wind,4,4,3,50000,--,摩魯蛾
Sneasel,60.6,215,dark,ice,171.4,135.3,135,3130823,50.0,2319,Ice Shard,Avalanche,Foul Play,5,5,3,50000,--,狃拉
Misdreavus,60.5,200,ghost,none,152.9,142.0,142,3084006,50.0,2178,Astonish,Dark Pulse,Shadow Sneak,5,5,3,50000,--,夢妖
Bastiodon,60.4,411,rock,steel,91.6,252.9,142,3289653,50.0,1741,Smack Down,Stone Edge,Flamethrower,7,7,5,75000,--,護城龍
Lunala,60.4,792,psychic,ghost,166.0,129.3,175,3755496,22.5,2500,Confusion,Shadow Ball,Moonblast,5,5,20,100000,--,露奈雅拉
Maractus,60.4,556,grass,none,178.5,119.8,163,3484880,49.5,2496,Bullet Seed,Aerial Ace,Petal Blizzard,4,5,1,10000,--,沙鈴仙人掌
Arcanine,60.2,59,fire,rock,169.8,129.5,165,3627507,29.0,2485,Snarl,Rock Slide,Crunch,4,4,3,50000,Hisuian,風速狗
Oricorio,60.2,741,psychic,flying,172.6,130.8,160,3612607,45.5,2499,Air Slash,Aerial Ace,Hurricane,5,8,3,75000,Pa'u,花舞鳥
Rillaboom,60.1,812,grass,none,171.8,127.9,165,3626314,28.0,2498,Razor Leaf,Grass Knot,Earth Power,13,14,3,10000,--,轟擂金剛猩
Stantler,60.1,234,normal,none,173.9,122.7,161,3435721,50.0,2447,Tackle,Wild Charge,Stomp,15,14,3,50000,--,驚角鹿
Volcarona,60.1,637,bug,fire,180.3,134.3,142,3438074,25.0,2492,Fire Spin,Overheat,Bug Buzz,6,6,5,75000,--,火神蛾
Graveler,60.0,75,rock,ground,150.4,150.4,135,3054278,50.0,2145,Mud Slap,Stone Edge,Dig,6,5,1,10000,--,隆隆石
Octillery,60.0,224,water,none,172.5,128.7,161,3575365,47.0,2489,Lock On,Water Pulse,Octazooka,11,10,1,10000,--,章魚桶
Starmie,60.0,121,water,psychic,171.0,158.3,134,3626255,41.0,2493,Quick Attack,Power Gem,Ice Beam,7,7,3,50000,--,寶石海星
Grumpig,59.8,326,psychic,none,146.6,169.2,170,4218159,49.5,2493,Extrasensory,Shadow Ball,Psychic,6,6,1,10000,Shadow,噗噗豬
Meowstic,59.7,678,psychic,none,152.1,152.9,163,3791459,50.0,2401,Confusion,Shadow Ball,Psychic,5,5,3,50000,Female,超能妙喵
Venomoth,59.7,49,bug,poison,163.0,132.8,157,3398030,50.0,2354,Confusion,Poison Fang,Silver Wind,4,4,3,50000,Shadow,摩魯蛾
Garbodor,59.6,569,poison,none,159.3,147.7,166,3906089,47.0,2499,Infestation,Body Slam,Seed Bomb,3,4,3,50000,--,灰塵山
Lilligant,59.6,549,grass,none,175.6,136.1,148,3536066,43.0,2499,Charm,Petal Blizzard,Hyper Beam,11,14,1,10000,--,裙兒小姐
Dartrix,59.5,723,grass,flying,131.9,129.4,168,2868127,50.0,1950,Leafage,Brave Bird,Seed Bomb,8,7,3,10000,--,投羽梟
Alakazam,59.4,65,psychic,none,202.8,128.6,118,3076789,30.5,2500,Psycho Cut,Fire Punch,Shadow Ball,5,7,3,50000,--,胡地
Araquanid,59.4,752,water,bug,118.5,196.6,154,3587769,50.0,2065,Infestation,Bug Buzz,Water Pulse,5,5,3,50000,--,滴蛛霸
Crabominable,59.4,740,fighting,ice,177.7,113.5,174,3510400,32.5,2497,Bubble,Ice Punch,Brick Break,4,4,3,50000,--,好勝毛蟹
Accelgor,59.3,617,bug,none,183.4,110.1,167,3371845,45.0,2488,Water Shuriken,Bug Buzz,Signal Beam,5,4,3,50000,Shadow,敏捷蟲
Graveler,59.3,75,rock,ground,150.4,150.4,135,3054278,50.0,2145,Mud Slap,Stone Edge,Dig,6,5,1,10000,Shadow,隆隆石
Exeggutor,59.2,103,grass,psychic,175.6,121.5,166,3540669,31.5,2498,Bullet Seed,Seed Bomb,Psychic,4,5,3,50000,Shadow,椰蛋樹
Darmanitan,59.1,555,ice,none,193.7,93.6,176,3191384,29.5,2488,Ice Fang,Avalanche,Superpower,9,8,3,50000,Galarian,達摩狒狒
Exeggutor,59.0,103,grass,psychic,175.6,121.5,166,3540669,31.5,2498,Bullet Seed,Seed Bomb,Psychic,4,5,3,50000,--,椰蛋樹
Sneasel,59.0,215,dark,ice,171.4,135.3,135,3130823,50.0,2319,Ice Shard,Avalanche,Foul Play,5,5,3,50000,Shadow,狃拉
Regieleki,58.7,894,electric,none,194.9,104.4,157,3193836,36.0,2497,Lock On,Thunder,Hyper Beam,12,16,20,100000,--,雷吉艾勒奇
Jynx,58.4,124,ice,psychic,183.0,130.9,142,3401181,42.5,2495,Confusion,Avalanche,Ice Punch,4,4,5,75000,--,迷唇姐
Fearow,58.2,22,normal,flying,165.5,124.4,149,3067489,50.0,2257,Steel Wing,Fly,Drill Run,8,8,1,10000,--,大嘴雀
Hoopa,58.2,720,psychic,ghost,187.1,137.5,128,3292971,26.5,2487,Astonish,Shadow Ball,Psychic,6,6,20,100000,--,胡帕
Sliggoo,58.2,705,dragon,none,146.2,160.5,154,3613866,50.0,2303,Water Gun,Muddy Water,Dragon Pulse,12,20,5,75000,--,黏美兒
Inteleon,58.1,818,water,none,198.4,115.4,137,3135108,30.5,2497,Water Gun,Surf,Shadow Ball,15,19,3,10000,--,千面避役
Xatu,58.1,178,psychic,flying,173.9,135.3,149,3506318,50.0,2474,Air Slash,Aerial Ace,Future Sight,5,8,3,50000,Shadow,天然鳥
Xatu,57.9,178,psychic,flying,173.9,135.3,149,3506318,50.0,2474,Air Slash,Aerial Ace,Future Sight,5,8,3,50000,--,天然鳥
Musharna,57.8,518,psychic,none,146.4,139.4,208,4246921,38.0,2498,Charge Beam,Psyshock,Dazzling Gleam,5,7,3,50000,--,夢夢蝕
Accelgor,57.7,617,bug,none,183.4,110.1,167,3371845,45.0,2488,Water Shuriken,Bug Buzz,Signal Beam,5,4,3,50000,--,敏捷蟲
Bastiodon,57.7,411,rock,steel,91.6,252.9,142,3289653,50.0,1741,Smack Down,Stone Edge,Flamethrower,7,7,5,75000,Shadow,護城龍
Furret,57.7,162,normal,none,137.0,117.6,178,2868167,50.0,1987,Sucker Punch,Brick Break,Dig,6,8,1,10000,--,大尾立
Absol,57.6,359,dark,none,201.5,107.6,142,3078122,42.5,2491,Snarl,Dark Pulse,Megahorn,4,5,5,75000,--,阿勃梭魯
Noivern,57.6,715,flying,dragon,162.5,144.0,164,3839588,36.5,2498,Air Slash,Hurricane,Draco Meteor,8,8,5,75000,--,音波龍
Lumineon,57.5,457,water,none,131.9,155.5,155,3178863,50.0,2050,Water Gun,Water Pulse,Silver Wind,19,15,3,50000,--,霓虹魚
Hoopa,57.4,720,psychic,dark,201.1,129.1,117,3037339,22.0,2473,Astonish,Dark Pulse,Shadow Ball,5,6,20,100000,Unbound,胡帕
Darkrai,57.3,491,dark,none,193.1,136.8,121,3195123,24.0,2484,Snarl,Dark Pulse,Shadow Ball,4,5,20,100000,--,達克萊伊
Xurkitree,57.3,796,electric,none,215.9,101.9,131,2881005,23.0,2497,Thunder Shock,Discharge,Power Whip,5,6,20,100000,--,電束木
Parasect,57.2,47,bug,grass,151.3,135.3,142,2905731,50.0,2102,Fury Cutter,X-Scissor,Cross Poison,10,9,3,50000,--,派拉斯特
Porygon-Z,57.2,474,normal,none,191.1,117.7,145,3261158,28.5,2500,Lock On,Tri Attack,Blizzard,10,15,3,50000,--,多邊獸Ｚ
Azelf,56.9,482,psychic,none,195.1,117.3,138,3159314,28.0,2487,Confusion,Swift,Future Sight,3,6,20,100000,--,亞克諾姆
Sigilyph,56.8,561,psychic,flying,167.3,145.7,152,3703112,42.0,2489,Air Slash,Ancient Power,Signal Beam,5,7,5,75000,--,象徵鳥
Sealeo,56.7,364,ice,water,127.7,123.5,186,2934557,50.0,1938,Powder Snow,Body Slam,Water Pulse,5,7,3,50000,Shadow,海魔獅
Porygon-Z,56.6,474,normal,none,191.1,117.7,145,3261158,28.5,2500,Lock On,Tri Attack,Blizzard,10,15,3,50000,Shadow,多邊獸Ｚ
Gorebyss,55.9,368,water,none,175.3,156.7,129,3543750,43.5,2494,Water Gun,Water Pulse,Psychic,19,19,3,50000,--,櫻花魚
Dedenne,55.6,702,electric,fairy,150.4,125.2,152,2862540,50.0,2081,Thunder Shock,Parabolic Charge,Discharge,6,5,3,50000,--,咚咚鼠
Bibarel,55.2,400,normal,water,148.7,112.6,170,2847054,50.0,2061,Water Gun,Surf,Hyper Fang,15,17,1,10000,--,大尾狸
Grotle,55.0,388,grass,none,144.5,132.8,164,3147010,50.0,2137,Razor Leaf,Body Slam,Energy Ball,9,14,3,10000,Shadow,樹林龜
Rampardos,55.0,409,rock,none,211.0,86.1,162,2942449,27.0,2495,Smack Down,Rock Slide,Flamethrower,6,7,5,75000,Shadow,戰槌龍
Throh,54.9,538,fighting,none,142.2,139.8,220,4371126,43.5,2495,Low Kick,Body Slam,Brick Break,7,8,5,75000,--,投摔鬼
Gabite,54.8,444,dragon,ground,157.1,117.6,154,2846814,50.0,2119,Mud Shot,Dig,Flamethrower,7,7,5,75000,Shadow,尖牙陸鯊
Metang,54.7,375,steel,psychic,128.6,160.5,142,2930096,50.0,1946,Metal Claw,Psyshock,Gyro Ball,7,9,5,75000,--,金屬怪
Gabite,54.3,444,dragon,ground,157.1,117.6,154,2846814,50.0,2119,Mud Shot,Dig,Flamethrower,7,7,5,75000,--,尖牙陸鯊
Mr. Mime,54.3,122,ice,psychic,166.4,154.6,127,3267048,50.0,2338,Confusion,Triple Axel,Ice Punch,4,4,5,75000,Galarian,魔牆人偶
Raticate,54.3,20,dark,normal,126.0,142.0,164,2935557,50.0,1927,Quick Attack,Crunch,Hyper Fang,6,7,1,10000,Alolan,拉達
Arbok,54.2,24,poison,none,152.9,141.2,142,3065757,50.0,2171,Dragon Tail,Dark Pulse,Sludge Wave,6,8,3,50000,--,阿柏怪
Sealeo,54.1,364,ice,water,127.7,123.5,186,2934557,50.0,1938,Powder Snow,Body Slam,Water Pulse,5,7,3,50000,--,海魔獅
Raticate,54.0,20,dark,normal,126.0,142.0,164,2935557,50.0,1927,Quick Attack,Crunch,Hyper Fang,6,7,1,10000,Alolan,拉達
Grotle,53.9,388,grass,none,144.5,132.8,164,3147010,50.0,2137,Razor Leaf,Body Slam,Energy Ball,9,14,3,10000,--,樹林龜
Pignite,53.6,499,fire,fighting,158.0,101.7,186,2987617,50.0,2175,Ember,Flame Charge,Rock Tomb,9,10,3,10000,--,炒炒豬
Bibarel,53.5,400,normal,water,148.7,112.6,170,2847054,50.0,2061,Water Gun,Surf,Hyper Fang,15,17,1,10000,Shadow,大尾狸
Brionne,53.5,729,water,none,153.8,134.4,142,2935812,50.0,2131,Water Gun,Disarming Voice,Water Pulse,15,19,3,10000,--,花漾海獅
Metang,53.5,375,steel,psychic,128.6,160.5,142,2930096,50.0,1946,Metal Claw,Psyshock,Gyro Ball,7,9,5,75000,Shadow,金屬怪
Vanilluxe,53.4,584,ice,none,169.9,150.2,143,3650141,34.5,2493,Astonish,Blizzard,Signal Beam,8,6,3,50000,--,雙倍多多冰
Unfezant,53.3,521,normal,flying,179.3,121.8,159,3473001,37.5,2495,Air Slash,Sky Attack,Return,7,8,1,10000,--,高傲雉雞
Mightyena,53.0,262,dark,none,156.3,123.5,157,3031089,50.0,2177,Ice Fang,Crunch,Poison Fang,9,8,1,10000,--,大狼犬
Throh,52.8,538,fighting,none,142.2,139.8,220,4371126,43.5,2495,Low Kick,Body Slam,Brick Break,7,8,5,75000,Shadow,投摔鬼
Mightyena,51.9,262,dark,none,156.3,123.5,157,3031089,50.0,2177,Ice Fang,Crunch,Poison Fang,9,8,1,10000,Shadow,大狼犬
Tornadus,51.6,641,flying,none,189.8,123.3,140,3277023,27.5,2495,Air Slash,Grass Knot,Hurricane,6,8,20,100000,Incarnate,龍捲雲
Thwackey,51.4,811,grass,none,151.3,125.2,157,2973221,50.0,2121,Razor Leaf,Grass Knot,Energy Ball,13,14,3,10000,--,啪咚猴
Arbok,51.3,24,poison,none,152.9,141.2,142,3065757,50.0,2171,Dragon Tail,Dark Pulse,Sludge Wave,6,8,3,50000,Shadow,阿柏怪
Klang,51.3,600,steel,none,138.6,158.8,142,3126820,50.0,2088,Thunder Shock,Thunderbolt,Vise Grip,7,5,5,75000,--,齒輪組
Gumshoos,51.2,735,normal,none,175.6,107.6,184,3475704,50.0,2470,Bite,Crunch,Hyper Fang,23,25,1,10000,--,貓鼬探長
Unfezant,50.5,521,normal,flying,179.3,121.8,159,3473001,37.5,2495,Air Slash,Sky Attack,Hyper Beam,7,9,1,10000,Shadow,高傲雉雞
Rampardos,50.2,409,rock,none,211.0,86.1,162,2942449,27.0,2495,Smack Down,Rock Slide,Flamethrower,6,7,5,75000,--,戰槌龍
Wormadam,50.0,413,bug,grass,131.1,163.9,142,3050116,50.0,2005,Bug Bite,Energy Ball,Bug Buzz,19,20,1,10000,Plant,結草貴婦
Seadra,49.8,117,water,none,169.7,143.7,135,3292684,50.0,2366,Dragon Breath,Hydro Pump,Blizzard,25,25,3,50000,--,海刺龍
Reuniclus,49.5,579,psychic,none,164.2,121.5,190,3789296,33.0,2497,Hidden Power (Psychic),Shadow Ball,Future Sight,7,9,3,50000,--,人造細胞卵
Seadra,49.3,117,water,none,169.7,143.7,135,3292684,50.0,2366,Dragon Breath,Hydro Pump,Blizzard,25,25,3,50000,Shadow,海刺龍
Wormadam,48.7,413,bug,ground,131.1,163.9,142,3050116,50.0,2005,Bug Bite,Bug Buzz,Bulldoze,20,20,1,10000,Sandy,結草貴婦
Deoxys,48.1,386,psychic,none,180.0,169.6,113,3449282,32.0,2492,Charge Beam,Psycho Boost,Swift,4,4,20,100000,Speed,代歐奇希斯
Reuniclus,47.1,579,psychic,none,164.2,121.5,190,3789296,33.0,2497,Hidden Power (Psychic),Shadow Ball,Future Sight,7,9,3,50000,Shadow,人造細胞卵
Cherrim,46.8,421,grass,none,155.5,141.2,157,3445477,50.0,2315,Bullet Seed,Solar Beam,Dazzling Gleam,7,6,1,10000,Overcast,櫻花兒
Illumise,45.4,314,bug,none,132.8,152.1,149,3008782,50.0,2002,Tackle,Silver Wind,Dazzling Gleam,15,24,3,50000,--,甜甜螢
Volbeat,43.3,313,bug,none,132.8,152.1,149,3008782,50.0,2002,Tackle,Bug Buzz,Thunderbolt,20,19,3,50000,--,電螢蟲
Regigigas,41.4,486,normal,none,178.7,137.7,141,3471447,21.0,2494,Hidden Power (Ground),Thunder,Focus Blast,8,10,20,100000,--,雷吉奇卡斯
Regigigas,40.9,486,normal,none,178.7,137.7,141,3471447,21.0,2494,Hidden Power (Ground),Thunder,Focus Blast,8,10,20,100000,Shadow,雷吉奇卡斯
Shaymin,39.6,492,grass,none,152.6,157.6,169,4065161,28.5,2490,Zen Headbutt,Grass Knot,Seed Flare,9,13,20,100000,Land,謝米
Chansey,35.4,113,normal,none,63.0,120.2,421,3188219,50.0,1418,Zen Headbutt,Hyper Beam,Psychic,14,10,5,75000,--,吉利蛋
Audino,34.3,531,normal,none,108.4,149.6,205,3323780,50.0,1902,Zen Headbutt,Disarming Voice,Hyper Beam,8,14,3,50000,--,差不多娃娃
Slaking,23.9,289,normal,none,180.0,108.4,178,3471096,21.0,2500,Yawn,Body Slam,Earthquake,3,6,5,75000,--,請假王
